"","site_name","site_code","otter_region","latitude_N","longitude_E","layer_number","layer_thickness_cm","layer_volume_cm3","na.rm","dry_bulk_density","organic_dw_g","inorganic_dw_g","layer_depth_cm","organic_dw_percent","inorganic_dw_percent","organic_density","inorganic_density"
"1","Salt Lake Bay a","H_01_a","High",55.67264,-133.378,1,1,19.6349540849362,TRUE,1.02561991807507,2.09046,NA,0,10.3806733538584,NA,2.14401741393921,NA
"2","Salt Lake Bay a","H_01_a","High",55.67264,-133.378,2,1,19.6349540849362,TRUE,1.06407226162189,2.21935,2.2717,2,10.6224521981275,11.0689527982275,2.36154877383054,2.41725295672644
"3","Salt Lake Bay a","H_01_a","High",55.67264,-133.378,3,0.9,17.6714586764426,TRUE,1.07958263940216,1.98055,NA,4,10.3814381113126,NA,2.13816739646794,NA
"4","Salt Lake Bay a","H_01_a","High",55.67264,-133.378,4,1,19.6349540849362,TRUE,1.01174822788309,1.8826,NA,6,9.47666900068108,NA,1.9047172138127,NA
"5","Salt Lake Bay a","H_01_a","High",55.67264,-133.378,5,0.9,17.6714586764426,TRUE,1.21022890026107,1.98242,NA,8,9.26948810254688,NA,2.39918197645554,NA
"6","Salt Lake Bay a","H_01_a","High",55.67264,-133.378,6,1,19.6349540849362,TRUE,1.2983238916539,2.32563,NA,10,9.12279008791986,NA,3.01942099214705,NA
"7","Salt Lake Bay a","H_01_a","High",55.67264,-133.378,7,0.9,17.6714586764426,TRUE,1.35457691627406,2.17123,2.26972,12,9.07046937108745,9.65184436756036,2.94109803792172,3.07451031840555
"8","Salt Lake Bay a","H_01_a","High",55.67264,-133.378,8,0.9,17.6714586764426,TRUE,1.25295316053996,2.22957,NA,14,10.0696384302606,NA,2.79354677814508,NA
"9","Salt Lake Bay a","H_01_a","High",55.67264,-133.378,9,0.9,17.6714586764426,TRUE,1.33052627010037,2.14662,NA,16,9.12975909671263,NA,2.85613430192286,NA
"10","Salt Lake Bay a","H_01_a","High",55.67264,-133.378,10,0.9,17.6714586764426,TRUE,1.28506765716363,2.35398,NA,18,10.3658370110203,NA,3.02502356361004,NA
"11","Salt Lake Bay a","H_01_a","High",55.67264,-133.378,11,0.9,17.6714586764426,TRUE,1.37988835253915,2.21127,NA,20,9.06829053043228,NA,3.05130571731925,NA
"12","Salt Lake Bay a","H_01_a","High",55.67264,-133.378,12,0.9,17.6714586764426,TRUE,1.62206587044292,1.91669,2.39897000000001,22,6.68668694510622,8.40108154333897,3.10899743321925,3.89128736121647
"13","Salt Lake Bay a","H_01_a","High",55.67264,-133.378,13,0.8,15.707963267949,TRUE,1.29917989059982,1.97762,NA,24,9.69066719196452,NA,2.56928413524803,NA
"14","Salt Lake Bay a","H_01_a","High",55.67264,-133.378,14,0.9,17.6714586764426,TRUE,1.18228100931201,1.77086,NA,26,8.47600326047989,NA,2.09365414815026,NA
"15","Salt Lake Bay a","H_01_a","High",55.67264,-133.378,15,0.9,17.6714586764426,TRUE,1.39747490301527,2.20768,NA,28,8.93963334091909,NA,3.08517739388876,NA
"16","Salt Lake Bay a","H_01_a","High",55.67264,-133.378,16,0.9,17.6714586764426,TRUE,1.47075351706235,2.01786,NA,30,7.76387860729902,NA,2.96777469193945,NA
"17","Salt Lake Bay a","H_01_a","High",55.67264,-133.378,17,1,19.6349540849362,TRUE,1.7136515753716,2.22316,4.47604,32,6.60721296430311,13.4577957854866,3.80972163630313,7.67037299742631
"18","Salt Lake Bay a","H_01_a","High",55.67264,-133.378,18,0.7,13.7444678594553,TRUE,1.82432599474925,1.94451,NA,34,7.75496432814518,NA,3.54742014004987,NA
"19","Salt Lake Bay a","H_01_a","High",55.67264,-133.378,19,1,19.6349540849362,TRUE,1.7707797965606,1.77133,NA,36,5.09454062477171,NA,3.13663537704168,NA
"20","Salt Lake Bay a","H_01_a","High",55.67264,-133.378,20,1,19.6349540849362,TRUE,1.75057654076056,1.91467,NA,38,5.57035582816375,NA,3.35177638529802,NA
"21","Nossuk Bay a","H_02_a","High",55.7073,-133.342,1,1.5,29.4524311274043,TRUE,0.522624089448353,0.944739999999999,NA,0,6.68993090125777,NA,0.493743882265436,NA
"22","Nossuk Bay a","H_02_a","High",55.7073,-133.342,2,1.5,29.4524311274043,TRUE,0.716886830450958,1.19395,0.714640000000003,2,6.02172349548956,3.83120277272205,0.855927031216919,0.512316004513474
"23","Nossuk Bay a","H_02_a","High",55.7073,-133.342,3,1.4,27.4889357189107,TRUE,0.701284334800137,1.29573,NA,4,7.09581566311509,NA,0.90867515113058,NA
"24","Nossuk Bay a","H_02_a","High",55.7073,-133.342,4,1.4,27.4889357189107,TRUE,0.681509105756764,1.22891,NA,6,6.93455534902722,NA,0.837513355155544,NA
"25","Nossuk Bay a","H_02_a","High",55.7073,-133.342,5,1.4,27.4889357189107,TRUE,0.708519973241503,1.0816,NA,8,5.89047399907962,NA,0.766335203058011,NA
"26","Nossuk Bay a","H_02_a","High",55.7073,-133.342,6,1.4,27.4889357189107,TRUE,0.999696397161533,1.2397,NA,10,4.74627327385273,NA,1.23932362356115,NA
"27","Nossuk Bay a","H_02_a","High",55.7073,-133.342,7,1.4,27.4889357189107,TRUE,1.06392951327979,1.4224,1.0387,12,5.10699594535256,3.92934963532366,1.51333333968917,1.10510358544371
"28","Nossuk Bay a","H_02_a","High",55.7073,-133.342,8,1.4,27.4889357189107,TRUE,1.26130783507009,1.16795,NA,14,3.48448532127556,NA,1.47314448597011,NA
"29","Nossuk Bay a","H_02_a","High",55.7073,-133.342,9,1.4,27.4889357189107,TRUE,1.18367696489667,1.32346,NA,16,4.22169900848482,NA,1.56654911596216,NA
"30","Nossuk Bay a","H_02_a","High",55.7073,-133.342,10,1.2,23.5619449019235,TRUE,1.22774796904132,1.08459,NA,18,3.93301840369328,NA,1.33160316974252,NA
"31","Nossuk Bay a","H_02_a","High",55.7073,-133.342,11,1.4,27.4889357189107,TRUE,0.990574909063051,1.21851,NA,20,4.68703841609019,NA,1.20702543244242,NA
"32","Nossuk Bay a","H_02_a","High",55.7073,-133.342,12,1.4,27.4889357189107,TRUE,1.18761600426536,1.17606,1.01823,22,3.78241543146765,3.40275888711475,1.39670767797632,1.20926624402312
"33","Nossuk Bay a","H_02_a","High",55.7073,-133.342,13,1.4,27.4889357189107,TRUE,1.08869802403488,1.11199,NA,24,3.89648706806684,NA,1.21062131574655,NA
"34","Nossuk Bay a","H_02_a","High",55.7073,-133.342,14,1.2,23.5619449019235,TRUE,1.22312526066757,0.923119999999997,NA,26,3.34744905322658,NA,1.12909139062744,NA
"35","Nossuk Bay a","H_02_a","High",55.7073,-133.342,15,1.4,27.4889357189107,TRUE,1.59633681160716,1.14886,NA,28,2.69694119270972,NA,1.833967509383,NA
"36","Nossuk Bay a","H_02_a","High",55.7073,-133.342,16,1.5,29.4524311274043,TRUE,1.41365681562565,1.38593,NA,30,3.43733320899447,NA,1.95922939048005,NA
"37","Nossuk Bay a","H_02_a","High",55.7073,-133.342,17,1.5,29.4524311274043,TRUE,1.56653655518,1.19275,1.14025000000001,32,2.66824901122108,2.61959806256574,1.86848647619094,1.786243307044
"38","Nossuk Bay a","H_02_a","High",55.7073,-133.342,18,1.4,27.4889357189107,TRUE,1.52705475501994,0.951560000000001,NA,34,2.3510006749899,NA,1.45308422268677,NA
"39","Nossuk Bay a","H_02_a","High",55.7073,-133.342,19,1.4,27.4889357189107,TRUE,1.42492857491946,1.10317000000001,NA,36,2.90673071906655,NA,1.57193845599391,NA
"40","Nossuk Bay a","H_02_a","High",55.7073,-133.342,20,1.5,29.4524311274043,TRUE,1.52619183813915,1.13711,NA,38,2.61905831274796,NA,1.73544800106641,NA
"41","Nossuk Bay a","H_02_a","High",55.7073,-133.342,21,1.5,29.4524311274043,TRUE,1.74233800184503,1.31716,NA,40,2.6490124828348,NA,2.2949379225102,NA
"42","Chusini Cove a","H_03_a","High",55.80692,-133.171,1,1.1,21.5984494934298,TRUE,0.508992092388121,0.53322,NA,0,5.39032931129298,NA,0.271404763503194,NA
"43","Chusini Cove a","H_03_a","High",55.80692,-133.171,2,1.2,23.5619449019235,TRUE,0.614614373315924,1.51952,0.92765,2,10.5559901242527,9.90680035925701,0.933918832541012,0.570147023406516
"44","Chusini Cove a","H_03_a","High",55.80692,-133.171,3,1.1,21.5984494934298,TRUE,0.572570267313026,0.737869999999999,NA,4,6.6753576197524,NA,0.422482423142262,NA
"45","Chusini Cove a","H_03_a","High",55.80692,-133.171,4,1.2,23.5619449019235,TRUE,0.678992760003186,0.800690000000001,NA,6,5.37057209011567,NA,0.543662713006952,NA
"46","Chusini Cove a","H_03_a","High",55.80692,-133.171,5,1,19.6349540849362,TRUE,0.703194921682693,0.638779999999999,NA,8,5.00597554142323,NA,0.44918685207247,NA
"47","Chusini Cove a","H_03_a","High",55.80692,-133.171,6,1.1,21.5984494934298,TRUE,0.763688615935952,0.678109999999998,NA,10,4.43448264587113,NA,0.517864887352327,NA
"48","Chusini Cove a","H_03_a","High",55.80692,-133.171,7,1.2,23.5619449019235,TRUE,0.812925676540241,0.75977,1.23537,12,4.31019908936499,8.44246016830656,0.617636541264978,1.00426399302751
"49","Chusini Cove a","H_03_a","High",55.80692,-133.171,8,1.3,25.5254403104171,TRUE,0.886814868802165,0.889330000000001,NA,14,4.181841180036,NA,0.78867106727183,NA
"50","Chusini Cove a","H_03_a","High",55.80692,-133.171,9,1.2,23.5619449019235,TRUE,0.849489720959582,0.971520000000002,NA,16,5.19275605399287,NA,0.825296253706655,NA
"51","Chusini Cove a","H_03_a","High",55.80692,-133.171,10,1.2,23.5619449019235,TRUE,0.75076866844536,0.825629999999999,NA,18,5.05348010907187,NA,0.619857135728541,NA
"52","Chusini Cove a","H_03_a","High",55.80692,-133.171,11,1.1,21.5984494934298,TRUE,0.877214357714124,0.929279999999999,NA,20,5.28311884117953,NA,0.81517775833658,NA
"53","Chusini Cove a","H_03_a","High",55.80692,-133.171,12,1,19.6349540849362,TRUE,0.805564399671036,0.61594,0.74783,22,4.32845187255403,4.48384489564896,0.496179336333378,0.602425225005991
"54","Chusini Cove a","H_03_a","High",55.80692,-133.171,13,1.2,23.5619449019235,TRUE,0.942127659342242,-0.0902700000000038,NA,24,-0.449395578628564,NA,-0.0850458638088278,NA
"55","Chusini Cove a","H_03_a","High",55.80692,-133.171,14,1.1,21.5984494934298,TRUE,1.21761888546675,0.565300000000001,NA,26,2.29187630598029,NA,0.688319955954357,NA
"56","Chusini Cove a","H_03_a","High",55.80692,-133.171,15,1.1,21.5984494934298,TRUE,1.04159328690902,0.602110000000003,NA,28,2.8282893760299,NA,0.627153733980793,NA
"57","Chusini Cove a","H_03_a","High",55.80692,-133.171,16,1.1,21.5984494934298,TRUE,1.12269957190104,0.658719999999999,NA,30,2.92174770829184,NA,0.739544662002655,NA
"58","Chusini Cove a","H_03_a","High",55.80692,-133.171,17,1,19.6349540849362,TRUE,0.891820267277029,0.561140000000002,0.766530000000003,32,3.51927971230639,3.49617306040687,0.500436024779834,0.683606989475864
"59","Chusini Cove a","H_03_a","High",55.80692,-133.171,18,1,19.6349540849362,TRUE,0.935691518326242,0.706290000000003,NA,34,4.11988252072951,NA,0.660869562478644,NA
"60","Chusini Cove a","H_03_a","High",55.80692,-133.171,19,1,19.6349540849362,TRUE,0.960631734528514,0.669339999999998,NA,36,3.77946371299248,NA,0.642989245189314,NA
"61","Chusini Cove a","H_03_a","High",55.80692,-133.171,20,1,19.6349540849362,TRUE,0.863460638953416,0.753799999999998,NA,38,4.75923498675394,NA,0.650876629643083,NA
"62","Chusini Cove a","H_03_a","High",55.80692,-133.171,21,1.1,21.5984494934298,TRUE,0.843235529732826,0.812140000000003,NA,40,4.71933238769259,NA,0.68482530311722,NA
"63","Chusini Cove a","H_03_a","High",55.80692,-133.171,22,1.1,21.5984494934298,TRUE,0.900150726371082,0.960529999999999,1.20952,42,5.23879257919983,7.36126123494301,0.864621777201214,1.08875030656036
"64","Chusini Cove a","H_03_a","High",55.80692,-133.171,23,1.2,23.5619449019235,TRUE,0.9354911104219,0.744190000000003,NA,44,3.64652086267202,NA,0.696183129464877,NA
"65","Chusini Cove a","H_03_a","High",55.80692,-133.171,24,1.1,21.5984494934298,TRUE,0.94084068424363,0.68281,NA,46,3.59304470822989,NA,0.642415427608393,NA
"66","Chusini Cove a","H_03_a","High",55.80692,-133.171,25,0.9,17.6714586764426,TRUE,0.893031542497254,0.884510000000001,NA,48,6.11679100658629,NA,0.789895329654246,NA
"67","Chusini Cove a","H_03_a","High",55.80692,-133.171,26,1.1,21.5984494934298,TRUE,0.909937077010016,1.18704,NA,50,6.44004476955236,NA,1.08013170789397,NA
"68","Chusini Cove a","H_03_a","High",55.80692,-133.171,27,1.1,21.5984494934298,TRUE,1.09720514924966,0.947240000000001,0.487819999999999,52,4.30106745697866,2.82495821804447,1.03931660557525,0.53523861590697
"69","Chusini Cove a","H_03_a","High",55.80692,-133.171,28,1.1,21.5984494934298,TRUE,1.15638624928135,1.00847,NA,54,4.33098189307975,NA,1.16618084081276,NA
"70","Chusini Cove a","H_03_a","High",55.80692,-133.171,29,1.2,23.5619449019235,TRUE,0.905398518195266,1.13497,NA,56,5.72292543511772,NA,1.02760015619608,NA
"71","Chusini Cove a","H_03_a","High",55.80692,-133.171,30,1.1,21.5984494934298,TRUE,0.977817875603729,1.32533,NA,58,6.70963476274564,NA,1.29593136507389,NA
"72","Chusini Cove a","H_03_a","High",55.80692,-133.171,31,1.1,21.5984494934298,TRUE,0.766410570584497,1.15378,NA,60,7.58052891169758,NA,0.884269188128979,NA
"73","Chusini Cove a","H_03_a","High",55.80692,-133.171,32,1.3,25.5254403104171,TRUE,0.638908077653981,1.0548,NA,62,7.03211720195336,NA,0.673920240309418,NA
"74","Chusini Cove a","H_03_a","High",55.80692,-133.171,33,1.1,21.5984494934298,TRUE,0.803864648028625,1.0213,0.437860000000001,64,6.41226876152111,3.10952949422743,0.820986965031635,0.351980174785814
"75","Chusini Cove a","H_03_a","High",55.80692,-133.171,34,1.3,25.5254403104171,TRUE,0.358915258212457,0.49849,NA,66,6.13191822796925,NA,0.178915667066328,NA
"76","Kaguk Cove a","H_04_a","High",55.73361,-133.29,1,1.3,25.5254403104171,TRUE,1.19324092472442,1.17248,NA,0,4.02851377431623,NA,1.39905111942089,NA
"77","Kaguk Cove a","H_04_a","High",55.73361,-133.29,2,1.3,25.5254403104171,TRUE,0.716926320465145,0.62969,1.02324,2,3.76090377798549,6.34893452265722,0.451441334733697,0.733587688152756
"78","Kaguk Cove a","H_04_a","High",55.73361,-133.29,3,1.3,25.5254403104171,TRUE,0.474077228554663,0.46691,NA,4,4.37507320524173,NA,0.221351398784458,NA
"79","Kaguk Cove a","H_04_a","High",55.73361,-133.29,4,1.2,23.5619449019235,TRUE,0.863257684569985,0.786110000000001,NA,6,4.13389418816894,NA,0.678615498417312,NA
"80","Kaguk Cove a","H_04_a","High",55.73361,-133.29,5,1.2,23.5619449019235,TRUE,0.934123651150855,0.762099999999997,NA,8,3.67259763153353,NA,0.711895634542063,NA
"81","Kaguk Cove a","H_04_a","High",55.73361,-133.29,6,1.3,25.5254403104171,TRUE,0.95600231389706,0.90898,NA,10,3.97590261317465,NA,0.868986983286149,NA
"82","Kaguk Cove a","H_04_a","High",55.73361,-133.29,7,1.2,23.5619449019235,TRUE,1.03659184764523,0.834959999999999,0.791559999999997,12,3.63384257439833,3.57450736274637,0.865512729109862,0.820524642922057
"83","Kaguk Cove a","H_04_a","High",55.73361,-133.29,8,1.2,23.5619449019235,TRUE,1.06945713118712,0.878120000000003,NA,14,3.66279067342342,NA,0.939111696038035,NA
"84","Kaguk Cove a","H_04_a","High",55.73361,-133.29,9,1.2,23.5619449019235,TRUE,1.12841109300063,0.959499999999998,NA,16,3.83746122044464,NA,1.0827104437341,NA
"85","Kaguk Cove a","H_04_a","High",55.73361,-133.29,10,1.2,23.5619449019235,TRUE,1.03133633921775,0.953579999999999,NA,18,4.17837514060027,NA,0.983461706351258,NA
"86","Kaguk Cove a","H_04_a","High",55.73361,-133.29,11,1.3,25.5254403104171,TRUE,1.2181729138404,0.0730700000000013,NA,20,0.246085930364455,NA,0.0890118948143197,NA
"87","Kaguk Cove a","H_04_a","High",55.73361,-133.29,12,1.4,27.4889357189107,TRUE,1.198539308211,1.14938,1.77088,22,3.65524819007367,5.84637163654035,1.37757711007157,2.1224692901247
"88","Kaguk Cove a","H_04_a","High",55.73361,-133.29,13,1.2,23.5619449019235,TRUE,1.25949959239474,0.93655,NA,24,3.33862589280749,NA,1.1795843432573,NA
"89","Kaguk Cove a","H_04_a","High",55.73361,-133.29,14,1.2,23.5619449019235,TRUE,1.25532718640665,0.964860000000002,NA,26,3.4245094876226,NA,1.21121498907632,NA
"90","Kaguk Cove a","H_04_a","High",55.73361,-133.29,15,1.3,25.5254403104171,TRUE,1.26312492979179,1.06753,NA,28,3.49056168834459,NA,1.34842375630062,NA
"91","Kaguk Cove a","H_04_a","High",55.73361,-133.29,16,1.3,25.5254403104171,TRUE,1.21395907859635,0.934290000000001,NA,30,3.17870263451027,NA,1.13418982754178,NA
"92","Kaguk Cove a","H_04_a","High",55.73361,-133.29,17,1.2,23.5619449019235,TRUE,0.928200965201928,0.849729999999997,0.318992200000004,32,4.1961353658958,1.70978849763602,0.788720206161032,0.29608886793189
"93","Kaguk Cove a","H_04_a","High",55.73361,-133.29,18,1.2,23.5619449019235,TRUE,0.847127437190917,0.85201,NA,34,4.58649121928715,NA,0.721761047761033,NA
"94","Kaguk Cove a","H_04_a","High",55.73361,-133.29,19,1.4,27.4889357189107,TRUE,0.327025392758866,0.293519999999999,NA,36,3.92411663257529,NA,0.0959884932825822,NA
"95","Kaguk Cove a","H_04_a","High",55.73361,-133.29,20,1.2,23.5619449019235,TRUE,0.787318282816527,0.395849999999999,NA,38,2.3242746219861,NA,0.311659942252922,NA
"96","Kaguk Cove a","H_04_a","High",55.73361,-133.29,21,1.4,27.4889357189107,TRUE,1.09931538670707,0.875830000000001,NA,40,3.04060235053632,NA,0.962813395139651,NA
"97","Kaguk Cove a","H_04_a","High",55.73361,-133.29,22,1.4,27.4889357189107,TRUE,1.03026324080335,0.853960000000001,3.00136000000001,42,3.17491004619822,11.527394345533,0.879803597116433,3.09219088041756
"98","Kaguk Cove a","H_04_a","High",55.73361,-133.29,23,1.4,27.4889357189107,TRUE,1.38214881756454,1.01735,NA,44,2.77741907919146,NA,1.40612909954928,NA
"99","Kaguk Cove a","H_04_a","High",55.73361,-133.29,24,1.4,27.4889357189107,TRUE,1.08323036964706,0.768620000000002,NA,46,2.72992521847536,NA,0.832592526718129,NA
"100","Kaguk Cove a","H_04_a","High",55.73361,-133.29,25,1.3,25.5254403104171,TRUE,1.27495352104538,0.984490000000001,NA,48,3.17589508245798,NA,1.25517899193397,NA
"101","Kaguk Cove a","H_04_a","High",55.73361,-133.29,26,1.2,23.5619449019235,TRUE,1.1951436996061,0.836799999999997,NA,50,3.16279154149802,NA,1.00009624783038,NA
"102","Kaguk Cove a","H_04_a","High",55.73361,-133.29,27,1.3,25.5254403104171,TRUE,1.27564498805968,2.49198,1.70215,52,7.98586631321768,5.93168568739285,3.17888179734496,2.17133911642578
"103","Kaguk Cove a","H_04_a","High",55.73361,-133.29,28,1.2,23.5619449019235,TRUE,1.14901295766081,1.26697,NA,54,4.92649165995593,NA,1.45576494696751,NA
"104","Kaguk Cove a","H_04_a","High",55.73361,-133.29,29,1.4,27.4889357189107,TRUE,1.21300076296011,0.100810000000003,NA,56,0.315044442486038,NA,0.122282606914012,NA
"105","Kaguk Cove a","H_04_a","High",55.73361,-133.29,30,1.2,23.5619449019235,TRUE,1.23478304193916,1.1132,NA,58,4.05879195883746,NA,1.37456048228668,NA
"106","Kaguk Cove a","H_04_a","High",55.73361,-133.29,31,1.4,27.4889357189107,TRUE,1.08742296557651,1.35866,NA,60,4.8132563114074,NA,1.47743808641019,NA
"107","Kaguk Cove a","H_04_a","High",55.73361,-133.29,32,1.4,27.4889357189107,TRUE,1.29403336541432,1.7552,1.94973999999999,62,5.17075998859322,6.06361424050877,2.27128736297522,2.52302861388292
"108","Naukati Bay a","H_05_a","High",55.862405,-133.190722,1,1.4,27.4889357189107,TRUE,0.873387760279262,0.802530000000001,NA,0,3.53902260479967,NA,0.700919879256917,NA
"109","Naukati Bay a","H_05_a","High",55.862405,-133.190722,2,1.2,23.5619449019235,TRUE,0.972738884476764,0.77683,0.84695,2,3.61908630917302,5.4796000626277,0.755652747628085,0.823861198207595
"110","Naukati Bay a","H_05_a","High",55.862405,-133.190722,3,1.6,31.4159265358979,TRUE,0.862073253483495,0.883150000000001,NA,4,3.45542785642573,NA,0.761339993813949,NA
"111","Naukati Bay a","H_05_a","High",55.862405,-133.190722,4,1.4,27.4889357189107,TRUE,1.04402586893376,0.959340000000005,NA,6,3.54399254954014,NA,1.00157577710292,NA
"112","Naukati Bay a","H_05_a","High",55.862405,-133.190722,5,1.2,23.5619449019235,TRUE,0.865562672559137,0.911449999999999,NA,8,4.74479514531113,NA,0.788917097904024,NA
"113","Naukati Bay a","H_05_a","High",55.862405,-133.190722,6,1.3,25.5254403104171,TRUE,0.890877874130918,1.17879,NA,10,5.5100973343486,NA,1.05015792924678,NA
"114","Naukati Bay a","H_05_a","High",55.862405,-133.190722,7,1.5,29.4524311274043,TRUE,0.95469470341405,1.42955,0.705850000000005,12,5.3297984030924,2.7794469379028,1.36478381326555,0.673871256404812
"115","Naukati Bay a","H_05_a","High",55.862405,-133.190722,8,1.4,27.4889357189107,TRUE,0.923176883219312,1.31875,NA,14,5.45259313959383,NA,1.21743951474547,NA
"116","Naukati Bay a","H_05_a","High",55.862405,-133.190722,9,1.3,25.5254403104171,TRUE,1.00299503901414,1.25803000000001,NA,16,5.16517490556744,NA,1.26179784893097,NA
"117","Naukati Bay a","H_05_a","High",55.862405,-133.190722,10,1.4,27.4889357189107,TRUE,1.00865563816374,1.44955,NA,18,5.51645479441212,NA,1.46209678030026,NA
"118","Naukati Bay a","H_05_a","High",55.862405,-133.190722,11,1.4,27.4889357189107,TRUE,0.715753792769234,1.62314,NA,20,8.78178523759362,NA,1.16176861119545,NA
"119","Naukati Bay a","H_05_a","High",55.862405,-133.190722,12,1.3,25.5254403104171,TRUE,0.698368364393113,1.26553,0.811729999999997,22,7.58039339242567,3.92763585092082,0.883806116190417,0.56688655242882
"120","Naukati Bay a","H_05_a","High",55.862405,-133.190722,13,1.3,25.5254403104171,TRUE,0.861645077715826,1.22156,NA,24,5.93074070172049,NA,1.05255116113454,NA
"121","Naukati Bay a","H_05_a","High",55.862405,-133.190722,14,1.4,27.4889357189107,TRUE,0.965325113760044,1.02127,NA,26,4.06443915220942,NA,0.985857578929721,NA
"122","Naukati Bay a","H_05_a","High",55.862405,-133.190722,15,1.4,27.4889357189107,TRUE,1.01496872360927,1.12823,NA,28,4.2472350602529,NA,1.14511816303769,NA
"123","Naukati Bay a","H_05_a","High",55.862405,-133.190722,16,1.5,29.4524311274043,TRUE,1.04968482453165,1.20526,NA,30,4.12749531176586,NA,1.26514313161502,NA
"124","Guktu Cove a","H_06_a","High",55.739816,-133.312022,1,1.3,25.5254403104171,TRUE,0.757352263659507,2.50945,NA,0,12.9809768903488,NA,1.90053763804035,NA
"125","Guktu Cove a","H_06_a","High",55.739816,-133.312022,2,1.1,21.5984494934298,TRUE,0.952210481880016,1.96668,2.69046,2,9.56264796679223,12.9478205421274,1.87269331050379,2.56188421307891
"126","Guktu Cove a","H_06_a","High",55.739816,-133.312022,3,1.1,21.5984494934298,TRUE,1.01619933443262,2.39535,NA,4,10.9135865917817,NA,2.43415307573318,NA
"127","Guktu Cove a","H_06_a","High",55.739816,-133.312022,4,1.1,21.5984494934298,TRUE,1.02080429461878,2.27653,NA,6,10.3254339777365,NA,2.32389160082849,NA
"128","Guktu Cove a","H_06_a","High",55.739816,-133.312022,5,1.1,21.5984494934298,TRUE,1.03396403555697,2.15956,NA,8,9.67024030965402,NA,2.2329073726274,NA
"129","Guktu Cove a","H_06_a","High",55.739816,-133.312022,6,0.9,17.6714586764426,TRUE,0.928017335765366,0.946740000000004,NA,10,5.77300904544187,NA,0.878591132462506,NA
"130","Guktu Cove a","H_06_a","High",55.739816,-133.312022,7,1.3,25.5254403104171,TRUE,1.0148451773985,1.14126,4.30907,12,4.40566591660017,15.8478731867095,1.15820220715781,4.37303890857255
"131","Guktu Cove a","H_06_a","High",55.739816,-133.312022,8,1.1,21.5984494934298,TRUE,0.937513593564187,0.855650000000001,NA,14,4.22567416207546,NA,0.802183506333198,NA
"132","Guktu Cove a","H_06_a","High",55.739816,-133.312022,9,1.1,21.5984494934298,TRUE,1.02302760236199,0.92531,NA,16,4.18771703775512,NA,0.94661767074157,NA
"133","Guktu Cove a","H_06_a","High",55.739816,-133.312022,10,1.1,21.5984494934298,TRUE,0.97781046766456,1.05051,NA,18,4.97419645355716,NA,1.0271996743863,NA
"134","Guktu Cove a","H_06_a","High",55.739816,-133.312022,11,1.1,21.5984494934298,TRUE,1.02277665842262,2.47484,NA,20,11.2032426770193,NA,2.53120858533065,NA
"135","Guktu Cove a","H_06_a","High",55.739816,-133.312022,12,1.2,23.5619449019235,TRUE,1.16671438263808,2.45797,3.7103,22,8.94130460246358,13.7082817928835,2.86774895109291,4.32886037390206
"136","Guktu Cove a","H_06_a","High",55.739816,-133.312022,13,1.1,21.5984494934298,TRUE,1.25601654916258,2.23819,NA,24,8.25047616835883,NA,2.81120368017019,NA
"137","Guktu Cove a","H_06_a","High",55.739816,-133.312022,14,1.2,23.5619449019235,TRUE,1.10321962419486,2.28957,NA,26,8.80807109332924,NA,2.52589855496783,NA
"138","Guktu Cove a","H_06_a","High",55.739816,-133.312022,15,1.1,21.5984494934298,TRUE,1.06626033535442,2.20613,NA,28,9.57955359131759,NA,2.35230891363545,NA
"139","Guktu Cove a","H_06_a","High",55.739816,-133.312022,16,1.1,21.5984494934298,TRUE,0.920234575451636,3.62603,NA,30,18.243588634127,NA,3.3367981776249,NA
"140","Guktu Cove a","H_06_a","High",55.739816,-133.312022,17,1,19.6349540849362,TRUE,0.937350804100941,2.18355,3.03151,32,11.8639988177023,16.4351976093549,2.04675234829461,2.84158833614005
"141","Guktu Cove a","H_06_a","High",55.739816,-133.312022,18,1.3,25.5254403104171,TRUE,0.930626453887481,2.43493,NA,34,10.2503299354021,NA,2.26601027136425,NA
"142","Guktu Cove a","H_06_a","High",55.739816,-133.312022,19,1,19.6349540849362,TRUE,0.82513307288198,2.16379,NA,36,13.3555329924173,NA,1.7854146917713,NA
"143","Guktu Cove a","H_06_a","High",55.739816,-133.312022,20,1.3,25.5254403104171,TRUE,0.890598544963104,1.60076,NA,38,7.04159430464719,NA,1.42563452683514,NA
"144","Guktu Cove a","H_06_a","High",55.739816,-133.312022,21,0.9,17.6714586764426,TRUE,0.978727354468835,2.58487,NA,40,14.9452980363724,NA,2.52988297674586,NA
"145","Guktu Cove a","H_06_a","High",55.739816,-133.312022,22,1.2,23.5619449019235,TRUE,1.35052306303468,3.6839,3.79362,42,11.5769642326832,12.3554867406224,4.97519191191346,5.12337130238962
"146","Blanquizal Bay a","H_07_a","High",55.62082,-133.38664,1,1.2,23.5619449019235,TRUE,1.18971375736099,0.51315,NA,0,1.93642897817003,NA,0.610501614589792,NA
"147","Blanquizal Bay a","H_07_a","High",55.62082,-133.38664,2,1.2,23.5619449019235,TRUE,1.14841538390114,0.650180000000002,0.404130000000002,2,2.55408546432401,1.94879406522696,0.746676714304848,0.464109109095971
"148","Blanquizal Bay a","H_07_a","High",55.62082,-133.38664,3,1,19.6349540849362,TRUE,1.15917918124706,0.577359999999999,NA,4,2.71086741559528,NA,0.669263692084802,NA
"149","Blanquizal Bay a","H_07_a","High",55.62082,-133.38664,4,0.9,17.6714586764426,TRUE,1.3051950278868,0.55865,NA,6,2.60118379122363,NA,0.729147202328964,NA
"150","Blanquizal Bay a","H_07_a","High",55.62082,-133.38664,5,0.9,17.6714586764426,TRUE,1.29511153657674,0.51849,NA,8,2.42128907526922,NA,0.671502380599676,NA
"151","Blanquizal Bay a","H_07_a","High",55.62082,-133.38664,6,0.9,17.6714586764426,TRUE,1.31250908171601,0.556909999999998,NA,10,2.58961058889449,NA,0.730949432698459,NA
"152","Blanquizal Bay a","H_07_a","High",55.62082,-133.38664,7,1,19.6349540849362,TRUE,1.3529392472774,0.695799999999998,1.8588,12,2.8030128157871,7.2407313341207,0.941375128255616,2.51484347283923
"153","Blanquizal Bay a","H_07_a","High",55.62082,-133.38664,8,1.1,21.5984494934298,TRUE,1.29535085416713,0.80415,NA,14,3.05284885104839,NA,1.0416563893785,NA
"154","Blanquizal Bay a","H_07_a","High",55.62082,-133.38664,9,1,19.6349540849362,TRUE,1.1743078135176,0.681529999999999,NA,16,3.17057795952166,NA,0.800326004146651,NA
"155","Blanquizal Bay a","H_07_a","High",55.62082,-133.38664,10,0.9,17.6714586764426,TRUE,1.2413644171459,0.553259999999998,NA,18,2.70963078182882,NA,0.686797277430138,NA
"156","Blanquizal Bay a","H_07_a","High",55.62082,-133.38664,11,1,19.6349540849362,TRUE,1.37111499642641,0.49624,NA,20,1.9400228624329,NA,0.680402105826641,NA
"157","Blanquizal Bay a","H_07_a","High",55.62082,-133.38664,12,1,19.6349540849362,TRUE,1.66916203919947,0.530739999999994,1.44891999999999,22,1.69001634482777,5.6655380583688,0.885891060684715,2.41848226183688
"158","Blanquizal Bay a","H_07_a","High",55.62082,-133.38664,13,0.9,17.6714586764426,TRUE,1.56253428228929,0.488599999999998,NA,24,1.87650694722352,NA,0.763454250326542,NA
"159","Blanquizal Bay a","H_07_a","High",55.62082,-133.38664,14,1,19.6349540849362,TRUE,1.46948293717356,0.478879999999997,NA,26,1.74572136408905,NA,0.703705988953668,NA
"160","Blanquizal Bay a","H_07_a","High",55.62082,-133.38664,15,1,19.6349540849362,TRUE,1.42613473292932,0.5047,NA,28,1.89806271241322,NA,0.719770199709428,NA
"161","Blanquizal Bay a","H_07_a","High",55.62082,-133.38664,16,1,19.6349540849362,TRUE,1.48691562372425,0.43627,NA,30,1.61556350493627,NA,0.648696679162181,NA
"162","Blanquizal Bay a","H_07_a","High",55.62082,-133.38664,17,0.8,15.707963267949,TRUE,1.47035103189516,0.391030000000001,0.610979999999998,32,1.83646479001566,2.38945009562023,0.574951364001965,0.8983550734673
"163","Blanquizal Bay a","H_07_a","High",55.62082,-133.38664,18,1,19.6349540849362,TRUE,1.41592691685127,0.533940000000001,NA,34,2.038231440848,NA,0.756020017983569,NA
"164","Blanquizal Bay a","H_07_a","High",55.62082,-133.38664,19,1,19.6349540849362,TRUE,1.40797324406322,0.565619999999999,NA,36,2.15139324031498,NA,0.796377826307037,NA
"165","Blanquizal Bay a","H_07_a","High",55.62082,-133.38664,20,1,19.6349540849362,TRUE,1.52141328524513,0.549969999999995,NA,38,1.94291887553264,NA,0.836731664486254,NA
"166","Blanquizal Bay a","H_07_a","High",55.62082,-133.38664,21,1,19.6349540849362,TRUE,1.53111638916764,0.56033,NA,40,1.96719320117134,NA,0.857930446342306,NA
"167","Blanquizal Bay a","H_07_a","High",55.62082,-133.38664,22,0.9,17.6714586764426,TRUE,1.31864666220587,0.428079999999998,1.07809,42,1.95742571631593,4.13198243862428,0.564486263157086,1.42161978005752
"168","Blanquizal Bay a","H_07_a","High",55.62082,-133.38664,23,1,19.6349540849362,TRUE,1.43375074259011,0.489330000000002,NA,44,1.84304390567268,NA,0.701577250871622,NA
"169","Blanquizal Bay a","H_07_a","High",55.62082,-133.38664,24,0.9,17.6714586764426,TRUE,1.3791176182014,0.479810000000001,NA,46,2.10209631325927,NA,0.661714424389215,NA
"170","Blanquizal Bay a","H_07_a","High",55.62082,-133.38664,25,0.9,17.6714586764426,TRUE,2.39135550571918,0.825979999999994,NA,48,2.02001971156549,NA,1.97521182061392,NA
"171","Soda Bay a","L_01_a","Low",55.26366,-132.995,1,1.5,29.4524311274043,TRUE,1.33537770888478,2.38989,NA,0,6.07648794359133,NA,3.19140583268665,NA
"172","Soda Bay a","L_01_a","Low",55.26366,-132.995,2,1.3,25.5254403104171,TRUE,1.51826489685211,2.46239,2.69531000000001,2,6.35383665020573,7.04992393758489,3.73856029935966,4.09219455913446
"173","Soda Bay a","L_01_a","Low",55.26366,-132.995,3,1.3,25.5254403104171,TRUE,1.48924012819032,4.17760000000001,NA,4,10.9897770555784,NA,6.22144955952791,NA
"174","Soda Bay a","L_01_a","Low",55.26366,-132.995,4,1.2,23.5619449019235,TRUE,1.54026716177565,2.32347,NA,6,6.40220943141529,NA,3.57876454237088,NA
"175","Soda Bay a","L_01_a","Low",55.26366,-132.995,5,1.4,27.4889357189107,TRUE,1.39383315497521,2.4867,NA,8,6.49014915572208,NA,3.46604490647685,NA
"176","Soda Bay a","L_01_a","Low",55.26366,-132.995,6,1.3,25.5254403104171,TRUE,1.37606284447385,2.72909,NA,10,7.76973751452329,NA,3.75539934822514,NA
"177","Soda Bay a","L_01_a","Low",55.26366,-132.995,7,1.2,23.5619449019235,TRUE,1.3574664626853,2.89645,3.12259,12,9.05577849305367,10.0012234931177,3.93183373584484,4.2388112017165
"178","Soda Bay a","L_01_a","Low",55.26366,-132.995,8,1.3,25.5254403104171,TRUE,1.46133737739196,2.55219,NA,14,6.8420976438342,NA,3.72961064120599,NA
"179","Soda Bay a","L_01_a","Low",55.26366,-132.995,9,1.2,23.5619449019235,TRUE,1.47594989058654,2.55727,NA,16,7.35349556090723,NA,3.77440237670025,NA
"180","Soda Bay a","L_01_a","Low",55.26366,-132.995,10,1.3,25.5254403104171,TRUE,1.48110902457464,2.68625,NA,18,7.10536116527659,NA,3.97862911726363,NA
"181","Soda Bay a","L_01_a","Low",55.26366,-132.995,11,1.3,25.5254403104171,TRUE,1.48991984222421,2.0696,NA,20,5.44189639676831,NA,3.08353810546722,NA
"182","Soda Bay a","L_01_a","Low",55.26366,-132.995,12,1.4,27.4889357189107,TRUE,1.47398540322992,2.83771,2.99068,22,7.00352852995524,7.52324632501285,4.18274311859959,4.40821866573166
"183","Soda Bay a","L_01_a","Low",55.26366,-132.995,13,1.3,25.5254403104171,TRUE,1.54523485277169,3.04476,NA,24,7.71943168334906,NA,4.70486927032515,NA
"184","Soda Bay a","L_01_a","Low",55.26366,-132.995,14,1.4,27.4889357189107,TRUE,1.45793385418081,2.4303,NA,26,6.06406908692132,NA,3.54321664581563,NA
"185","Soda Bay a","L_01_a","Low",55.26366,-132.995,15,1.2,23.5619449019235,TRUE,1.60744115808997,2.56104,NA,28,6.76192176042734,NA,4.11672110351475,NA
"186","Soda Bay a","L_01_a","Low",55.26366,-132.995,16,1.3,25.5254403104171,TRUE,1.47902874704155,2.22532,NA,30,5.89444084501147,NA,3.29131225136649,NA
"187","Soda Bay a","L_01_a","Low",55.26366,-132.995,17,1.2,23.5619449019235,TRUE,1.56715161476274,2.37397,2.95766999999999,32,6.42914285497631,8.09710048752281,3.7203709188983,4.6351173164353
"188","Soda Bay a","L_01_a","Low",55.26366,-132.995,18,1.1,21.5984494934298,TRUE,1.48074795877032,2.42353,NA,34,7.57782693064131,NA,3.58863710051862,NA
"189","Soda Bay a","L_01_a","Low",55.26366,-132.995,19,1.3,25.5254403104171,TRUE,1.45710865503939,2.49303,NA,36,6.70289358256074,NA,3.63261559027284,NA
"190","Goats Mouth Inlet a","L_02_a","Low",55.19286,-132.9,1,1.5,29.4524311274043,TRUE,0.526459766018186,0.46438,NA,0,3.31879689145981,NA,0.244477386143525,NA
"191","Goats Mouth Inlet a","L_02_a","Low",55.19286,-132.9,2,1.4,27.4889357189107,TRUE,1.4767752529638,0.840779999999995,1.47983,2,2.16332404395809,3.89147532258251,1.2416430971869,2.18537632259342
"192","Goats Mouth Inlet a","L_02_a","Low",55.19286,-132.9,3,1.2,23.5619449019235,TRUE,1.58504572332445,0.798589999999997,NA,4,2.24657179709708,NA,1.26580166418966,NA
"193","Goats Mouth Inlet a","L_02_a","Low",55.19286,-132.9,4,1.3,25.5254403104171,TRUE,1.36695781054795,0.749379999999995,NA,6,2.2702774756652,NA,1.02437084406841,NA
"194","Goats Mouth Inlet a","L_02_a","Low",55.19286,-132.9,5,1.4,27.4889357189107,TRUE,1.47105222310158,0.25864,NA,8,0.668115317571763,NA,0.380472946982992,NA
"195","Goats Mouth Inlet a","L_02_a","Low",55.19286,-132.9,6,1.4,27.4889357189107,TRUE,1.68477603038446,1.187,NA,10,2.66939168004362,NA,1.99982914806636,NA
"196","Goats Mouth Inlet a","L_02_a","Low",55.19286,-132.9,7,1.4,27.4889357189107,TRUE,1.4721679447255,0.733250000000005,2.00754999999999,12,1.90225632375379,5.31234065028838,1.07946714546998,2.95545075743366
"197","Goats Mouth Inlet a","L_02_a","Low",55.19286,-132.9,8,1.3,25.5254403104171,TRUE,1.76848702514164,0.661590000000004,NA,14,1.53773921491835,NA,1.17001333096346,NA
"198","Goats Mouth Inlet a","L_02_a","Low",55.19286,-132.9,9,1.4,27.4889357189107,TRUE,1.71673325160913,0.837829999999997,NA,16,1.8297394298004,NA,1.43833062019567,NA
"199","Goats Mouth Inlet a","L_02_a","Low",55.19286,-132.9,10,1.4,27.4889357189107,TRUE,1.72018191186173,1.05091,NA,18,2.3278536591633,NA,1.80775637299461,NA
"200","Goats Mouth Inlet a","L_02_a","Low",55.19286,-132.9,11,1.4,27.4889357189107,TRUE,1.75570347624621,1.11087999999999,NA,20,2.41437024965893,NA,1.95037587769238,NA
"201","Goats Mouth Inlet a","L_02_a","Low",55.19286,-132.9,12,1.3,25.5254403104171,TRUE,1.83482319718836,0.527259999999998,2.82866999999999,22,1.17184435357313,6.36201168281681,0.96742887894953,5.19010933319077
"202","Goats Mouth Inlet a","L_02_a","Low",55.19286,-132.9,13,1.4,27.4889357189107,TRUE,1.76630446869567,0.898780000000002,NA,24,1.9398042972758,NA,1.5875191303743,NA
"203","Goats Mouth Inlet a","L_02_a","Low",55.19286,-132.9,14,1.4,27.4889357189107,TRUE,1.78728891152381,1.16118,NA,26,2.46500647361929,NA,2.07536413828323,NA
"204","Goats Mouth Inlet a","L_02_a","Low",55.19286,-132.9,15,1.4,27.4889357189107,TRUE,1.78679998753864,1.90175,NA,28,4.05786222408191,NA,3.3980468763016,NA
"205","North Pass a","L_03_a","Low",55.22962,-132.925,1,1.4,27.4889357189107,TRUE,0.212390543588181,0.312019999999999,NA,0,6.44187611744932,NA,0.0662700974103839,NA
"206","North Pass a","L_03_a","Low",55.22962,-132.925,2,1.4,27.4889357189107,TRUE,1.13295583060988,0.917899999999999,1.57291,2,3.06830394226414,5.42770746123005,1.03994015691681,1.78203755552458
"207","North Pass a","L_03_a","Low",55.22962,-132.925,3,1.2,23.5619449019235,TRUE,1.30318147028234,0.948629999999998,NA,4,3.24375615494036,NA,1.23623703815393,NA
"208","North Pass a","L_03_a","Low",55.22962,-132.925,4,1.3,25.5254403104171,TRUE,1.39480571410438,0.921970000000002,NA,6,2.70432151146573,NA,1.28596902423282,NA
"209","North Pass a","L_03_a","Low",55.22962,-132.925,5,1.3,25.5254403104171,TRUE,1.33752560523185,0.947299999999998,NA,8,2.89707567535993,NA,1.26703800583613,NA
"210","North Pass a","L_03_a","Low",55.22962,-132.925,6,1.3,25.5254403104171,TRUE,1.32824075070563,1.01017,NA,10,3.10929454900039,NA,1.3417489591403,NA
"211","North Pass a","L_03_a","Low",55.22962,-132.925,7,1.3,25.5254403104171,TRUE,1.432535131826,0.931809999999999,1.68066,12,2.64859908292033,4.9115508210174,1.33485056118678,2.40760449465469
"212","North Pass a","L_03_a","Low",55.22962,-132.925,8,1.3,25.5254403104171,TRUE,1.47276989320564,0.815600000000003,NA,14,2.25043637385058,NA,1.20119112489853,NA
"213","North Pass a","L_03_a","Low",55.22962,-132.925,9,1.3,25.5254403104171,TRUE,1.36958969462842,0.933989999999994,NA,16,2.77145983016762,NA,1.27918307888599,NA
"214","North Pass a","L_03_a","Low",55.22962,-132.925,10,1.4,27.4889357189107,TRUE,1.30874255620056,0.853999999999999,NA,18,2.45638620143747,NA,1.11766614299528,NA
"215","North Pass a","L_03_a","Low",55.22962,-132.925,11,1.2,23.5619449019235,TRUE,1.56971082624766,0.809890000000003,NA,20,2.26979092106053,NA,1.27129310106972,NA
"216","North Pass a","L_03_a","Low",55.22962,-132.925,12,1.4,27.4889357189107,TRUE,1.40634946348268,0.982779999999998,4.35847000000001,22,2.62795989097541,12.0313643001278,1.38213212572151,6.12953194610538
"217","North Pass a","L_03_a","Low",55.22962,-132.925,13,1.3,25.5254403104171,TRUE,1.41743255199537,0.970649999999999,NA,24,2.79338773050521,NA,1.37583090659431,NA
"218","North Pass a","L_03_a","Low",55.22962,-132.925,14,1.2,23.5619449019235,TRUE,1.59420201330382,0.771039999999999,NA,26,2.13010009569759,NA,1.22919352033777,NA
"219","North Pass a","L_03_a","Low",55.22962,-132.925,15,1.4,27.4889357189107,TRUE,1.63101294493393,0.778129999999997,NA,28,1.79266273759755,NA,1.26914010284143,NA
"220","North Pass a","L_03_a","Low",55.22962,-132.925,16,1.2,23.5619449019235,TRUE,1.55146700122433,0.564390000000003,NA,30,1.58685038918449,NA,0.875632460821003,NA
"221","North Pass a","L_03_a","Low",55.22962,-132.925,17,1.4,27.4889357189107,TRUE,1.72221400217513,11.19866,1.54544999999999,32,24.2452177621801,4.41800385526542,19.2864890575985,2.66159562966153
"222","Natzuhini Bay a","L_04_a","Low",55.25051,-132.883,1,1.9,37.3064127613788,TRUE,0.569023350912376,0.694710000000001,NA,0,3.50514361194628,NA,0.395306212112337,NA
"223","Natzuhini Bay a","L_04_a","Low",55.25051,-132.883,2,1.9,37.3064127613788,TRUE,1.68753614566702,1.69693,2.10063000000001,2,2.75940582354588,3.51449469947285,2.86363071166673,3.54488905367252
"224","Natzuhini Bay a","L_04_a","Low",55.25051,-132.883,3,1.6,31.4159265358979,TRUE,1.49779189056329,1.90197000000001,NA,4,4.16879822303818,NA,2.84875524209467,NA
"225","Natzuhini Bay a","L_04_a","Low",55.25051,-132.883,4,1.6,31.4159265358979,TRUE,1.36674402873131,0.8675,NA,6,2.09158918343394,NA,1.18565044492441,NA
"226","Natzuhini Bay a","L_04_a","Low",55.25051,-132.883,5,1.6,31.4159265358979,TRUE,1.22392220251928,1.38263000000001,NA,8,3.75555165020945,NA,1.69223155486924,NA
"227","Natzuhini Bay a","L_04_a","Low",55.25051,-132.883,6,1.8,35.3429173528852,TRUE,1.70212830478435,0.941850000000002,NA,10,1.60866851744249,NA,1.60314954386115,NA
"228","Natzuhini Bay a","L_04_a","Low",55.25051,-132.883,7,1.7,33.3794219443916,TRUE,1.42764096033146,0.921030000000002,2.5607,12,1.99133699329584,5.65154922676601,1.31490015369408,3.65576020712075
"229","Natzuhini Bay a","L_04_a","Low",55.25051,-132.883,8,1.8,35.3429173528852,TRUE,1.26564735880097,1.29735,NA,14,3.0080311545173,NA,1.64198760094044,NA
"230","Natzuhini Bay a","L_04_a","Low",55.25051,-132.883,9,1.9,37.3064127613788,TRUE,1.24962081715511,1.36263,NA,16,3.02078657103049,NA,1.70277081408007,NA
"231","Natzuhini Bay a","L_04_a","Low",55.25051,-132.883,10,1.8,35.3429173528852,TRUE,1.30362894324678,1.21929,NA,18,2.72619706141585,NA,1.58950173421137,NA
"232","Natzuhini Bay a","L_04_a","Low",55.25051,-132.883,11,1.6,31.4159265358979,TRUE,1.03278825671193,1.16184,NA,20,3.72740391309397,NA,1.19993470817818,NA
"233","Natzuhini Bay a","L_04_a","Low",55.25051,-132.883,12,1.7,33.3794219443916,TRUE,1.26355872999432,0.954149999999998,2.07378,22,2.33074866094623,5.19069180689779,1.20562456222408,2.62034282308762
"234","Natzuhini Bay a","L_04_a","Low",55.25051,-132.883,13,1.6,31.4159265358979,TRUE,1.18590390633326,1.20641,NA,24,3.37132752186566,NA,1.4306863316395,NA
"235","Natzuhini Bay a","L_04_a","Low",55.25051,-132.883,14,1.7,33.3794219443916,TRUE,1.14701746674295,1.14309,NA,26,3.07018238885432,NA,1.3111441960592,NA
"236","Natzuhini Bay a","L_04_a","Low",55.25051,-132.883,15,1.8,35.3429173528852,TRUE,1.27213691928942,1.1335,NA,28,2.60632650982413,NA,1.44196719801456,NA
"237","Natzuhini Bay a","L_04_a","Low",55.25051,-132.883,16,1.7,33.3794219443916,TRUE,0.982573636375111,0.749130000000001,NA,30,2.38422142104218,NA,0.736075388217688,NA
"238","Natzuhini Bay a","L_04_a","Low",55.25051,-132.883,17,1.8,35.3429173528852,TRUE,0.544751295083124,1.54558,2.1346,32,8.34862439832788,12.645936872213,0.841956706654575,1.16282611448443
"239","Natzuhini Bay a","L_04_a","Low",55.25051,-132.883,18,1.9,37.3064127613788,TRUE,0.816572212258827,1.07577,NA,34,3.65825292637791,NA,0.87844388878168,NA
"240","Natzuhini Bay a","L_04_a","Low",55.25051,-132.883,19,1.6,31.4159265358979,TRUE,0.698143343788957,0.947649999999999,NA,36,4.47629075082556,NA,0.661595539741604,NA
"241","Natzuhini Bay a","L_04_a","Low",55.25051,-132.883,20,1.7,33.3794219443916,TRUE,0.528243120248601,1.09893,NA,38,6.53969293025472,NA,0.580502212134796,NA
"242","Natzuhini Bay a","L_04_a","Low",55.25051,-132.883,21,1.9,37.3064127613788,TRUE,0.4160370523769,1.12687,NA,40,7.55925847663705,NA,0.468819673211957,NA
"243","Natzuhini Bay a","L_04_a","Low",55.25051,-132.883,22,1.8,35.3429173528852,TRUE,0.388233372559435,1.02384,1.8923,42,7.81837758585141,15.6953852763799,0.397488856161252,0.734654010894219
"244","Natzuhini Bay a","L_04_a","Low",55.25051,-132.883,23,1.8,35.3429173528852,TRUE,0.36322525024811,1.06494,NA,44,8.80174623259904,NA,0.386813097999223,NA
"245","Natzuhini Bay a","L_04_a","Low",55.25051,-132.883,24,1.8,35.3429173528852,TRUE,0.339340408157363,1.16295,NA,46,10.1717285509868,NA,0.394635927666605,NA
"246","Natzuhini Bay a","L_04_a","Low",55.25051,-132.883,25,1.8,35.3429173528852,TRUE,0.331176679138642,1.18139,NA,48,10.6486405607214,NA,0.3912488169676,NA
"247","Natzuhini Bay a","L_04_a","Low",55.25051,-132.883,26,1.7,33.3794219443916,TRUE,0.318596589770687,1.18711,NA,50,11.6931305529836,NA,0.378209197682681,NA
"248","Natzuhini Bay a","L_04_a","Low",55.25051,-132.883,27,1.8,35.3429173528852,TRUE,0.375396854411536,1.20555,1.48549,52,9.60807379459739,13.1259150869957,0.452559677835828,0.557648273259793
"249","Natzuhini Bay a","L_04_a","Low",55.25051,-132.883,28,1.9,37.3064127613788,TRUE,0.36522487667604,1.22593,NA,54,9.52098775403694,NA,0.447740133063457,NA
"250","Natzuhini Bay a","L_04_a","Low",55.25051,-132.883,29,1.9,37.3064127613788,TRUE,0.515223485113491,1.20388,NA,56,6.52423556138677,NA,0.620267249258431,NA
"251","Dunbar Inlet a","L_05_a","Low",55.0848,-132.826,1,1.1,21.5984494934298,TRUE,0.951453483096146,2.21245,NA,0,10.7662219609614,NA,2.10504325867607,NA
"252","Dunbar Inlet a","L_05_a","Low",55.0848,-132.826,2,0.8,15.707963267949,TRUE,1.64949456259985,2.10449,2.11324,2,8.12224529335937,10.5890246426172,3.47134481204576,3.4857778894685
"253","Dunbar Inlet a","L_05_a","Low",55.0848,-132.826,3,0.9,17.6714586764426,TRUE,1.70071416006334,3.12213,NA,4,10.3883663127493,NA,5.30985070055855,NA
"254","Dunbar Inlet a","L_05_a","Low",55.0848,-132.826,4,0.9,17.6714586764426,TRUE,1.68573067710089,2.58884,NA,6,8.69049713118661,NA,4.36408700610587,NA
"255","Dunbar Inlet a","L_05_a","Low",55.0848,-132.826,5,0.8,15.707963267949,TRUE,1.57991520457894,2.1776,NA,8,8.77454190129849,NA,3.44042334949109,NA
"256","Dunbar Inlet a","L_05_a","Low",55.0848,-132.826,6,1,19.6349540849362,TRUE,1.53056838686759,1.96627,NA,10,6.54275298276625,NA,3.00951070204614,NA
"257","Dunbar Inlet a","L_05_a","Low",55.0848,-132.826,7,0.6,11.7809724509617,TRUE,1.6456366467793,3.19064,2.29233,12,16.457456466122,7.70767115577241,5.25063411067991,3.7723422545116
"258","Dunbar Inlet a","L_05_a","Low",55.0848,-132.826,8,1,19.6349540849362,TRUE,1.43633389097847,2.03748,NA,14,7.22450434095031,NA,2.92650157619081,NA
"259","Dunbar Inlet a","L_05_a","Low",55.0848,-132.826,9,0.8,15.707963267949,TRUE,1.43264849911623,1.80718,NA,16,8.03048703807636,NA,2.58905371463287,NA
"260","Dunbar Inlet a","L_05_a","Low",55.0848,-132.826,10,0.9,17.6714586764426,TRUE,1.85316790196023,2.6995,NA,18,8.2432061873362,NA,5.00262675134163,NA
"261","Dunbar Inlet a","L_05_a","Low",55.0848,-132.826,11,0.9,17.6714586764426,TRUE,1.60695279998904,1.74929,NA,20,6.16007916273435,NA,2.81102646349282,NA
"262","Dunbar Inlet a","L_05_a","Low",55.0848,-132.826,12,1,19.6349540849362,TRUE,1.63523886336118,2.29972,2.27847,22,7.16248741740335,8.0595690823997,3.76059151884897,3.72584269300254
"263","Dunbar Inlet a","L_05_a","Low",55.0848,-132.826,13,0.8,15.707963267949,TRUE,1.93512993896688,2.07609,NA,24,6.82992866060575,NA,4.01750391498974,NA
"264","Dunbar Inlet a","L_05_a","Low",55.0848,-132.826,14,0.9,17.6714586764426,TRUE,2.19532358422206,1.67484,NA,26,4.31720212390547,NA,3.67681575179847,NA
"265","Dunbar Inlet a","L_05_a","Low",55.0848,-132.826,15,0.9,17.6714586764426,TRUE,1.61804922409247,1.88604,NA,28,6.59609299944148,NA,3.05170555860736,NA
"266","Dunbar Inlet a","L_05_a","Low",55.0848,-132.826,16,0.8,15.707963267949,TRUE,2.13995789438774,1.77677,NA,30,5.2857437798942,NA,3.8022129880113,NA
"267","Dunbar Inlet a","L_05_a","Low",55.0848,-132.826,17,0.9,17.6714586764426,TRUE,2.09476255909464,1.88321,2.44327000000001,32,5.08734920312036,7.32004944606863,3.94487779891261,5.11807051775916
"268","Dunbar Inlet a","L_05_a","Low",55.0848,-132.826,18,0.8,15.707963267949,TRUE,1.94842574291277,1.80431,NA,34,5.89532049480817,NA,3.51556405219494,NA
"269","Dunbar Inlet a","L_05_a","Low",55.0848,-132.826,19,0.9,17.6714586764426,TRUE,1.83000060108847,1.99891,NA,36,6.18115463848667,NA,3.65800650152175,NA
"270","Dunbar Inlet a","L_05_a","Low",55.0848,-132.826,20,0.8,15.707963267949,TRUE,1.70802920418996,1.99395999999999,NA,38,7.43192422117908,NA,3.4057419119866,NA
"271","Dunbar Inlet a","L_05_a","Low",55.0848,-132.826,21,0.9,17.6714586764426,TRUE,1.9125359495679,2.0329,NA,40,6.01497752779068,NA,3.88799433187658,NA
"272","Dunbar Inlet a","L_05_a","Low",55.0848,-132.826,22,0.8,15.707963267949,TRUE,1.81855212625092,1.96602,2.66293,42,6.88243788452955,7.97514612001787,3.57530985125184,4.84267701355737
"273","Dunbar Inlet a","L_05_a","Low",55.0848,-132.826,23,0.9,17.6714586764426,TRUE,1.91912906687266,2.1465,NA,44,6.32928001896574,NA,4.11941054204217,NA
"274","Dunbar Inlet a","L_05_a","Low",55.0848,-132.826,24,0.8,15.707963267949,TRUE,1.75632445336131,1.87243,NA,46,6.78704870328995,NA,3.28859459620732,NA
"275","Dunbar Inlet a","L_05_a","Low",55.0848,-132.826,25,0.9,17.6714586764426,TRUE,1.81871517164818,2.03994,NA,48,6.34717254704902,NA,3.71006982725198,NA
"276","Dunbar Inlet a","L_05_a","Low",55.0848,-132.826,26,0.8,15.707963267949,TRUE,1.99808208515744,2.67464,NA,50,8.52181559813674,NA,5.3441502682455,NA
"277","Dunbar Inlet a","L_05_a","Low",55.0848,-132.826,27,0.9,17.6714586764426,TRUE,2.08304705763035,1.8707,3.50985,52,5.08197665447448,11.4352243419741,3.89675613070909,7.31118271522387
"278","Dunbar Inlet a","L_05_a","Low",55.0848,-132.826,28,1,19.6349540849362,TRUE,1.99106093301196,1.93314,NA,54,4.94480154313701,NA,3.84899953204274,NA
"279","Dunbar Inlet a","L_05_a","Low",55.0848,-132.826,29,0.8,15.707963267949,TRUE,2.04569487793281,1.74781,NA,56,5.43918067324957,NA,3.57548596459975,NA
"280","Dunbar Inlet a","L_05_a","Low",55.0848,-132.826,30,0.9,17.6714586764426,TRUE,2.02653163248713,2.30066,NA,58,6.42431245369888,NA,4.66236026559783,NA
"281","Dunbar Inlet a","L_05_a","Low",55.0848,-132.826,31,0.9,17.6714586764426,TRUE,1.93448433578216,2.07619,4.27887,60,6.07336633790802,12.1386899518721,4.01635703310756,8.27740698984824
"282","Farallon Bay a","L_06_a","Low",55.19112,-133.105314,1,1.1,21.5984494934298,TRUE,0.735093044749795,5.87959,NA,0,37.0324251568477,NA,4.32204571498045,NA
"283","Farallon Bay a","L_06_a","Low",55.19112,-133.105314,2,1.1,21.5984494934298,TRUE,1.25217692169186,17.26251,0.46425,2,63.828652013601,4.63540319770431,21.6157166324749,0.581323135895444
"284","Farallon Bay a","L_06_a","Low",55.19112,-133.105314,3,1.3,25.5254403104171,TRUE,1.27515841467058,22.03226,NA,4,67.6895558631945,NA,28.0946217332101,NA
"285","Farallon Bay a","L_06_a","Low",55.19112,-133.105314,4,1.1,21.5984494934298,TRUE,1.19527885591293,15.32107,NA,6,59.3467969880892,NA,18.3129510209619,NA
"286","Farallon Bay a","L_06_a","Low",55.19112,-133.105314,5,1.4,27.4889357189107,TRUE,1.12938493936099,20.95351,NA,8,67.4927099146771,NA,23.6645786207498,NA
"287","Farallon Bay a","L_06_a","Low",55.19112,-133.105314,6,1.1,21.5984494934298,TRUE,1.18463179534176,15.43083,NA,10,60.3091665393194,NA,18.2798518465134,NA
"288","Farallon Bay a","L_06_a","Low",55.19112,-133.105314,7,1.1,21.5984494934298,TRUE,1.29766259418417,18.21146,0.575800000000001,12,64.9771117652306,5.6840729472481,23.6323304274813,0.747194121731248
"289","Farallon Bay a","L_06_a","Low",55.19112,-133.105314,8,1.2,23.5619449019235,TRUE,0.960284055250165,12.25794,NA,14,54.1759626909736,NA,11.7711043322132,NA
"290","Farallon Bay a","L_06_a","Low",55.19112,-133.105314,9,1.1,21.5984494934298,TRUE,1.17807715816546,15.92793,NA,16,62.5983704230046,NA,18.7643305098584,NA
"291","Farallon Bay a","L_06_a","Low",55.19112,-133.105314,10,1,19.6349540849362,TRUE,1.22253456240145,13.99175,NA,18,58.2882478677876,NA,17.1053979634805,NA
"292","Farallon Bay a","L_06_a","Low",55.19112,-133.105314,11,1.1,21.5984494934298,TRUE,1.07297979917724,13.49285,NA,20,58.2223286601337,NA,14.4775554833286,NA
"293","Farallon Bay a","L_06_a","Low",55.19112,-133.105314,12,1.1,21.5984494934298,TRUE,1.05251999718384,12.93843,0.904620000000001,22,56.9152502111487,8.74545262952334,13.6179563071633,0.952130639852444
"294","Farallon Bay a","L_06_a","Low",55.19112,-133.105314,13,1.1,21.5984494934298,TRUE,1.11170896815089,14.27421,NA,24,59.4481572966604,NA,15.8687672702691,NA
"295","Farallon Bay a","L_06_a","Low",55.19112,-133.105314,14,1.1,21.5984494934298,TRUE,1.28640021166574,17.98488,NA,26,64.7304857968093,NA,23.135753438783,NA
"296","Farallon Bay a","L_06_a","Low",55.19112,-133.105314,15,1,19.6349540849362,TRUE,1.32749839328614,16.21441,NA,28,62.2067133518534,NA,21.5246032230828,NA
"297","Farallon Bay a","L_06_a","Low",55.19112,-133.105314,16,1.3,25.5254403104171,TRUE,1.28727534571031,22.96065,NA,30,69.8778420166369,NA,29.5566786664834,NA
"298","Farallon Bay a","L_06_a","Low",55.19112,-133.105314,17,1,19.6349540849362,TRUE,1.39683341663842,17.12265,0.518940000000001,32,62.4304511360438,4.93218647531246,23.9174897014039,0.724872733230344
"299","Farallon Bay a","L_06_a","Low",55.19112,-133.105314,18,1.1,21.5984494934298,TRUE,1.43651700597481,20.35502,NA,34,65.6051883323116,NA,29.2403323869574,NA
"300","Farallon Bay a","L_06_a","Low",55.19112,-133.105314,19,1.1,21.5984494934298,TRUE,1.40065748743689,20.34492,NA,36,67.2514208137437,NA,28.4962645293045,NA
"301","Farallon Bay a","L_06_a","Low",55.19112,-133.105314,20,1.1,21.5984494934298,TRUE,1.15058907388512,15.09129,NA,38,60.7272400963505,NA,17.3638733848318,NA
"302","Farallon Bay a","L_06_a","Low",55.19112,-133.105314,21,1,19.6349540849362,TRUE,1.67757204104035,23.24893,NA,40,70.5816652271392,NA,39.0017549521042,NA
"303","Farallon Bay a","L_06_a","Low",55.19112,-133.105314,22,1.2,23.5619449019235,TRUE,1.4681152232546,24.8386,0.484429999999996,42,71.8051899808191,4.83922848854397,36.4659267843318,0.711199057601221
"304","Farallon Bay a","L_06_a","Low",55.19112,-133.105314,23,1.2,23.5619449019235,TRUE,1.6324700766472,28.6797,NA,44,74.562118459855,NA,46.8187520572186,NA
"305","Farallon Bay a","L_06_a","Low",55.19112,-133.105314,24,1,19.6349540849362,TRUE,1.46783587449849,18.99834,NA,46,65.918644427705,NA,27.8864450079196,NA
"306","Farallon Bay a","L_06_a","Low",55.19112,-133.105314,25,1.1,21.5984494934298,TRUE,1.67338863889255,26.13507,NA,48,72.3109848212359,NA,43.7341292146615,NA
"307","Farallon Bay a","L_06_a","Low",55.19112,-133.105314,26,1.3,25.5254403104171,TRUE,1.21955780669906,21.3457,NA,50,68.5700977360885,NA,26.0323150744561,NA
"308","Farallon Bay a","L_06_a","Low",55.19112,-133.105314,27,1.1,21.5984494934298,TRUE,1.43637764411919,20.9045,0.447599999999994,52,67.3827253055987,4.32752688026493,30.0267564614896,0.64292263350774
"309","Farallon Bay a","L_06_a","Low",55.19112,-133.105314,28,1.2,23.5619449019235,TRUE,1.45803159047348,24.47147,NA,54,71.2331235376546,NA,35.6801763253241,NA
"310","Farallon Bay a","L_06_a","Low",55.19112,-133.105314,29,1.1,21.5984494934298,TRUE,1.41636185547975,20.34197,NA,56,66.496105745374,NA,28.8115903733135,NA
"311","Farallon Bay a","L_06_a","Low",55.19112,-133.105314,30,1.1,21.5984494934298,TRUE,1.50310882315305,22.47188,NA,58,69.2191732466097,NA,33.7776811008367,NA
"312","Hetta Cove a","L_07_a","Low",55.155625,-132.589934,1,1.4,27.4889357189107,TRUE,1.11748633392407,0.754980000000003,NA,0,2.58532394282277,NA,0.843679832386,NA
"313","Hetta Cove a","L_07_a","Low",55.155625,-132.589934,2,1.4,27.4889357189107,TRUE,1.25445016688214,0.597799999999999,0.845200000000002,2,1.81776440520517,2.63436771434628,0.749910309762144,1.06026128104879
"314","Hetta Cove a","L_07_a","Low",55.155625,-132.589934,3,1.3,25.5254403104171,TRUE,1.39142046397944,0.466520000000003,NA,4,1.36909275741363,NA,0.649125474855692,NA
"315","Hetta Cove a","L_07_a","Low",55.155625,-132.589934,4,1.3,25.5254403104171,TRUE,1.57697534344089,0.60331,NA,6,1.56383898091127,NA,0.951404994451326,NA
"316","Hetta Cove a","L_07_a","Low",55.155625,-132.589934,5,1.3,25.5254403104171,TRUE,1.50555835796166,0.610100000000003,NA,8,1.65103849536568,NA,0.918541154192416,NA
"317","Hetta Cove a","L_07_a","Low",55.155625,-132.589934,6,1.4,27.4889357189107,TRUE,1.66675605299919,0.648409999999998,NA,10,1.46616929833665,NA,1.0807412923252,NA
"318","Hetta Cove a","L_07_a","Low",55.155625,-132.589934,7,1.4,27.4889357189107,TRUE,1.71628106967939,0.530839999999998,1.0759,12,1.16811874656307,2.40827125564072,0.911070643028603,1.84654680286806
"319","Hetta Cove a","L_07_a","Low",55.155625,-132.589934,8,1.4,27.4889357189107,TRUE,1.58537021751699,0.808569999999996,NA,14,1.93455663609127,NA,1.28188279677771,NA
"320","Hetta Cove a","L_07_a","Low",55.155625,-132.589934,9,1.6,31.4159265358979,TRUE,1.52097153478508,0.916470000000004,NA,16,1.99355992719843,NA,1.39392478248449,NA
"321","Hetta Cove a","L_07_a","Low",55.155625,-132.589934,10,1.4,27.4889357189107,TRUE,1.81987038390813,0.667120000000004,NA,18,1.37629432464265,NA,1.2140719305128,NA
"322","Hetta Cove a","L_07_a","Low",55.155625,-132.589934,11,1.6,31.4159265358979,TRUE,1.72810405378191,1.02984,NA,20,1.9688208849791,NA,1.77967067874677,NA
"323","Hetta Cove a","L_07_a","Low",55.155625,-132.589934,12,1.5,29.4524311274043,TRUE,1.70316466518535,0.659910000000004,1.0351,22,1.35845863907111,2.16684111366967,1.12393539420247,1.76294574493335
"324","Hetta Cove a","L_07_a","Low",55.155625,-132.589934,13,1.3,25.5254403104171,TRUE,1.86607711446846,0.684339999999999,NA,24,1.48697963915201,NA,1.27703121251534,NA
"325","Hetta Cove a","L_07_a","Low",55.155625,-132.589934,14,1.4,27.4889357189107,TRUE,2.03058643560362,0.56277,NA,26,1.0397721100074,NA,1.14275312836465,NA
"326","Hetta Cove a","L_07_a","Low",55.155625,-132.589934,15,1.5,29.4524311274043,TRUE,2.06872396157844,0.72139,NA,28,1.22007423715128,NA,1.49235677864307,NA
"327","Hetta Cove a","L_07_a","Low",55.155625,-132.589934,16,1.4,27.4889357189107,TRUE,1.8806872164365,0.5364,NA,30,1.06692572036879,NA,1.00880062289654,NA
"328","Hetta Cove a","L_07_a","Low",55.155625,-132.589934,17,1.4,27.4889357189107,TRUE,2.0933709689027,0.44952,1.1631,32,0.802078638393358,2.09749728593121,0.941012117941139,2.43479977393073
"329","Hetta Cove a","L_07_a","Low",55.155625,-132.589934,18,1.6,31.4159265358979,TRUE,2.2491076275997,1.03427000000001,NA,34,1.49171413353242,NA,2.32618454599756,NA
"330","N Fish Egg Island a","M_02_a","Mid",55.49709,-133.17,1,1.6,31.4159265358979,TRUE,0.91785578779766,-1.32392,NA,0,-4.90540227099762,NA,-1.21516763458108,NA
"331","N Fish Egg Island a","M_02_a","Mid",55.49709,-133.17,2,1.6,31.4159265358979,TRUE,1.48415835982815,0.952110000000005,1.276,2,2.1150968478035,2.90259914559855,1.41308201597599,1.89378606714072
"332","N Fish Egg Island a","M_02_a","Mid",55.49709,-133.17,3,1.6,31.4159265358979,TRUE,1.16138799720927,0.627160000000003,NA,4,1.78478837582437,NA,0.728376096329769,NA
"333","N Fish Egg Island a","M_02_a","Mid",55.49709,-133.17,4,1.6,31.4159265358979,TRUE,1.0484093143764,0.507910000000003,NA,6,1.60759399919354,NA,0.532497574864918,NA
"334","N Fish Egg Island a","M_02_a","Mid",55.49709,-133.17,5,1.6,31.4159265358979,TRUE,1.3245692420515,0.726660000000003,NA,8,1.81008482234935,NA,0.962511485429148,NA
"335","N Fish Egg Island a","M_02_a","Mid",55.49709,-133.17,6,1.5,29.4524311274043,TRUE,1.27699814787122,0.620919999999998,NA,10,1.72262067388947,NA,0.792913689976196,NA
"336","N Fish Egg Island a","M_02_a","Mid",55.49709,-133.17,7,1.4,27.4889357189107,TRUE,1.32043307791759,1.12543,0.730399999999996,12,3.22820389404982,2.17546702249332,1.48605499888079,0.964444320111002
"337","N Fish Egg Island a","M_02_a","Mid",55.49709,-133.17,8,1.6,31.4159265358979,TRUE,1.22125954032135,0.821839999999995,NA,14,2.22745133751697,NA,1.00367994061769,NA
"338","N Fish Egg Island a","M_02_a","Mid",55.49709,-133.17,9,1.6,31.4159265358979,TRUE,1.10778429406603,0.599170000000001,NA,16,1.79510671113513,NA,0.663751115475545,NA
"339","N Fish Egg Island a","M_02_a","Mid",55.49709,-133.17,10,1.6,31.4159265358979,TRUE,1.30038723999812,0.701480000000004,NA,18,1.7793831718568,NA,0.912195641113886,NA
"340","N Fish Egg Island a","M_02_a","Mid",55.49709,-133.17,11,1.5,29.4524311274043,TRUE,0.490718064579471,0.30477,NA,20,2.35150424670386,NA,0.149556144541885,NA
"341","N Fish Egg Island a","M_02_a","Mid",55.49709,-133.17,12,NA,NA,TRUE,NA,NA,NA,22,NA,NA,NA,NA
"342","N Fish Egg Island a","M_02_a","Mid",55.49709,-133.17,13,1.5,29.4524311274043,TRUE,0.465382634822512,-0.649149999999999,NA,24,-5.33651312733726,NA,-0.302103137395033,NA
"343","N Fish Egg Island a","M_02_a","Mid",55.49709,-133.17,14,1.6,31.4159265358979,TRUE,0.73701630201938,0.54813,NA,26,2.54393630900196,NA,0.403980745625883,NA
"344","N Fish Egg Island a","M_02_a","Mid",55.49709,-133.17,15,1.5,29.4524311274043,TRUE,0.753360220214714,-0.77392,NA,28,-3.76332556763283,NA,-0.583040541628572,NA
"345","N Fish Egg Island a","M_02_a","Mid",55.49709,-133.17,16,1.6,31.4159265358979,TRUE,1.20621812495962,3.13653,NA,30,8.551527195723,NA,3.7833393354796,NA
"346","N Fish Egg Island a","M_02_a","Mid",55.49709,-133.17,17,1.7,33.3794219443916,TRUE,1.33052603708921,0.529150000000001,1.3318,32,1.22732157216844,3.13729296233906,0.704047852525759,1.77199457619542
"347","N Fish Egg Island a","M_02_a","Mid",55.49709,-133.17,18,1.6,31.4159265358979,TRUE,1.19396001124268,0.74915,NA,34,2.07262013879071,NA,0.894455142422456,NA
"348","N Fish Egg Island a","M_02_a","Mid",55.49709,-133.17,19,1.8,35.3429173528852,TRUE,1.53855946460404,1.6568,NA,36,3.14550604429642,NA,2.54908532095598,NA
"349","S Fish Egg Island a","M_03_a","Mid",55.48442,-133.175,1,1.5,29.4524311274043,TRUE,0.49136962369583,0.491539999999999,NA,0,3.77310406395101,NA,0.241527824831448,NA
"350","S Fish Egg Island a","M_03_a","Mid",55.48442,-133.175,2,1.6,31.4159265358979,TRUE,1.31921686131532,0.6511,1.45245,2,1.64733391744405,11.576332300394,0.858942098402405,1.91609653021744
"351","S Fish Egg Island a","M_03_a","Mid",55.48442,-133.175,3,1.6,31.4159265358979,TRUE,1.40701946032026,0.786540000000002,NA,4,1.84800643961662,NA,1.1066770863203,NA
"352","S Fish Egg Island a","M_03_a","Mid",55.48442,-133.175,4,1.5,29.4524311274043,TRUE,1.48179889840714,0.786149999999999,NA,6,1.87169123844225,NA,1.16491620398278,NA
"353","S Fish Egg Island a","M_03_a","Mid",55.48442,-133.175,5,1.4,27.4889357189107,TRUE,1.20410663906604,-9.01623,NA,8,-28.6339696416526,NA,-10.8565024023464,NA
"354","S Fish Egg Island a","M_03_a","Mid",55.48442,-133.175,6,1.6,31.4159265358979,TRUE,1.371997096783,1.01165,NA,10,2.4366668930757,NA,1.38798086296053,NA
"355","S Fish Egg Island a","M_03_a","Mid",55.48442,-133.175,7,1.6,31.4159265358979,TRUE,1.28148249754778,1.83771,0.664609999999996,12,4.76153955175908,1.64175701423089,2.35499320056853,0.851686082695224
"356","S Fish Egg Island a","M_03_a","Mid",55.48442,-133.175,8,1.6,31.4159265358979,TRUE,1.43684509665568,0.886629999999997,NA,14,2.04094551555034,NA,1.27394996804782,NA
"357","S Fish Egg Island a","M_03_a","Mid",55.48442,-133.175,9,1.6,31.4159265358979,TRUE,1.35484369532644,1.17838,NA,16,2.86796571038603,NA,1.59652071369877,NA
"358","S Fish Egg Island a","M_03_a","Mid",55.48442,-133.175,10,1.6,31.4159265358979,TRUE,1.4722277869841,0.739130000000003,NA,18,1.65566518705951,NA,1.08816772419356,NA
"359","S Fish Egg Island a","M_03_a","Mid",55.48442,-133.175,11,1.6,31.4159265358979,TRUE,1.54285693100965,0.907060000000001,NA,20,1.94747322938193,NA,1.39946380784161,NA
"360","S Fish Egg Island a","M_03_a","Mid",55.48442,-133.175,12,1.6,31.4159265358979,TRUE,1.50428955026996,0.939969999999995,0.767150000000001,22,2.06434686702304,1.72328431956159,1.41398704856725,1.1540157284896
"361","S Fish Egg Island a","M_03_a","Mid",55.48442,-133.175,13,1.6,31.4159265358979,TRUE,1.49254741687853,0.83314,NA,24,1.83671462780041,NA,1.24350095489818,NA
"362","S Fish Egg Island a","M_03_a","Mid",55.48442,-133.175,14,1.6,31.4159265358979,TRUE,1.50477529115628,0.772370000000002,NA,26,1.69559542979328,NA,1.16224329163038,NA
"363","S Fish Egg Island a","M_03_a","Mid",55.48442,-133.175,15,1.5,29.4524311274043,TRUE,1.45780834913997,0.744510000000005,NA,28,1.80483466166897,NA,1.08535289401821,NA
"364","S Fish Egg Island a","M_03_a","Mid",55.48442,-133.175,16,1.6,31.4159265358979,TRUE,1.39718368483718,0.80594,NA,30,1.91497450470701,NA,1.12604621895768,NA
"365","S Wadleigh Island a","M_04_a","Mid",55.52904,-133.147,1,0.9,17.6714586764426,TRUE,0.264752903858293,0.59102,NA,0,15.9675149065621,NA,0.156474261238328,NA
"366","S Wadleigh Island a","M_04_a","Mid",55.52904,-133.147,2,1,19.6349540849362,TRUE,0.535298934468282,0.57934,0.421219999999998,2,6.26065794507255,4.86488234519619,0.310120084694855,0.225478617176729
"367","S Wadleigh Island a","M_04_a","Mid",55.52904,-133.147,3,1,19.6349540849362,TRUE,0.701487762101113,0.739250000000002,NA,4,5.8864748436312,NA,0.518574828133249,NA
"368","S Wadleigh Island a","M_04_a","Mid",55.52904,-133.147,4,1.1,21.5984494934298,TRUE,0.702661550062499,0.84836,NA,6,6.01617010594036,NA,0.596109952611021,NA
"369","S Wadleigh Island a","M_04_a","Mid",55.52904,-133.147,5,1.1,21.5984494934298,TRUE,0.63713277215506,0.775120000000001,NA,8,6.16697748725424,NA,0.493854354352831,NA
"370","S Wadleigh Island a","M_04_a","Mid",55.52904,-133.147,6,1.1,21.5984494934298,TRUE,0.863541616988461,0.868020000000001,NA,10,5.00500200368448,NA,0.749571394378325,NA
"371","S Wadleigh Island a","M_04_a","Mid",55.52904,-133.147,7,1.1,21.5984494934298,TRUE,0.886395109325962,0.838270000000001,0.602919999999997,12,4.73799900409723,3.575931911865,0.743038428294675,0.534425339314807
"372","S Wadleigh Island a","M_04_a","Mid",55.52904,-133.147,8,1.2,23.5619449019235,TRUE,0.972820796220809,0.92614,NA,14,4.32013822352543,NA,0.90096825221194,NA
"373","S Wadleigh Island a","M_04_a","Mid",55.52904,-133.147,9,1.1,21.5984494934298,TRUE,1.11948128532815,0.807830000000003,NA,16,3.57245043398046,NA,0.904350566726644,NA
"374","S Wadleigh Island a","M_04_a","Mid",55.52904,-133.147,10,1.1,21.5984494934298,TRUE,1.43822268396856,0.747869999999999,NA,18,2.51365609627228,NA,1.07560359865956,NA
"375","S Wadleigh Island a","M_04_a","Mid",55.52904,-133.147,11,1.2,23.5619449019235,TRUE,1.35575904845581,0.75826,NA,20,2.49391945560421,NA,1.0280178560821,NA
"376","S Wadleigh Island a","M_04_a","Mid",55.52904,-133.147,12,1.1,21.5984494934298,TRUE,1.41540160136492,0.87669,1.01229,22,3.02864271246774,3.60622344200204,1.24086842990061,1.4327968870457
"377","S Wadleigh Island a","M_04_a","Mid",55.52904,-133.147,13,1,19.6349540849362,TRUE,1.46167441369361,0.973389999999998,NA,24,3.56896675627673,NA,1.42277925754522,NA
"378","S Wadleigh Island a","M_04_a","Mid",55.52904,-133.147,14,1.1,21.5984494934298,TRUE,1.50467791726837,0.813049999999997,NA,26,2.63697821529391,NA,1.22337838063504,NA
"379","S Wadleigh Island a","M_04_a","Mid",55.52904,-133.147,15,1.1,21.5984494934298,TRUE,1.43333112913579,0.662479999999999,NA,28,2.26669759733065,NA,0.949553206429873,NA
"380","S Wadleigh Island a","M_04_a","Mid",55.52904,-133.147,16,1.2,23.5619449019235,TRUE,1.36528457790316,1.07727,NA,30,3.50395975066646,NA,1.47078011723773,NA
"381","S Wadleigh Island a","M_04_a","Mid",55.52904,-133.147,17,1.1,21.5984494934298,TRUE,1.58484524597068,0.960450000000005,0.915280000000003,32,2.93502425608314,2.87963715716059,1.52216461649254,1.45057715673204
"382","S Wadleigh Island a","M_04_a","Mid",55.52904,-133.147,18,1.2,23.5619449019235,TRUE,1.52501332761655,0.763750000000002,NA,34,2.22735822919553,NA,1.16472892896714,NA
"383","S Wadleigh Island a","M_04_a","Mid",55.52904,-133.147,19,1.1,21.5984494934298,TRUE,1.66585939471928,0.619100000000003,NA,36,1.79259208641968,NA,1.03133355127071,NA
"384","S Wadleigh Island a","M_04_a","Mid",55.52904,-133.147,20,1.2,23.5619449019235,TRUE,1.49661117309214,1.13006,NA,38,3.35642211331095,NA,1.6912604222645,NA
"385","S Wadleigh Island a","M_04_a","Mid",55.52904,-133.147,21,1.1,21.5984494934298,TRUE,1.27232883121353,0.767379999999999,NA,40,2.96127017644598,NA,0.976359698496637,NA
"386","S Wadleigh Island a","M_04_a","Mid",55.52904,-133.147,22,1.2,23.5619449019235,TRUE,1.49041389181473,0.73189,1.58273000000001,42,2.18257411877254,4.82217224885924,1.09081902328028,2.35892277899194
"387","S Wadleigh Island a","M_04_a","Mid",55.52904,-133.147,23,1.2,23.5619449019235,TRUE,1.62793352414931,0.775459999999995,NA,44,2.10732732815971,NA,1.26239733063681,NA
"388","S Wadleigh Island a","M_04_a","Mid",55.52904,-133.147,24,1.1,21.5984494934298,TRUE,1.31776311112786,0.897280000000002,NA,46,3.3109902011251,NA,1.18240248435281,NA
"389","S Wadleigh Island a","M_04_a","Mid",55.52904,-133.147,25,1.2,23.5619449019235,TRUE,1.5712026385809,0.635909999999996,NA,48,1.78734699648072,NA,0.999143469899975,NA
"390","S Wadleigh Island a","M_04_a","Mid",55.52904,-133.147,26,1.2,23.5619449019235,TRUE,1.63903277767394,0.6419,NA,50,1.7286454787532,NA,1.0520951399889,NA
"391","S Wadleigh Island a","M_04_a","Mid",55.52904,-133.147,27,1.2,23.5619449019235,TRUE,1.72052647473472,0.771990000000002,1.1568,52,1.97939403604955,3.02418959535518,1.32822923323046,1.99030502597313
"392","S Wadleigh Island a","M_04_a","Mid",55.52904,-133.147,28,1.2,23.5619449019235,TRUE,1.69680389995039,0.921840000000003,NA,54,2.38754263422741,NA,1.56418170713028,NA
"393","S Wadleigh Island a","M_04_a","Mid",55.52904,-133.147,29,1.3,25.5254403104171,TRUE,1.96121200618702,0.755649999999996,NA,56,1.55577910222084,NA,1.48198985247521,NA
"394","Shinaku Inlet a","M_05_a","Mid",55.59929,-133.16,1,1,19.6349540849362,TRUE,0.589400919907351,2.3852,NA,0,20.6102899369732,NA,1.40583907416301,NA
"395","Shinaku Inlet a","M_05_a","Mid",55.59929,-133.16,2,1,19.6349540849362,TRUE,0.344436252345938,1.52857,2.53326,2,22.601985216598,34.5656338520148,0.526494922248431,0.872546580617872
"396","Shinaku Inlet a","M_05_a","Mid",55.59929,-133.16,3,1.3,25.5254403104171,TRUE,0.376998002109793,1.91412,NA,4,19.8910115722267,NA,0.721619415798396,NA
"397","Shinaku Inlet a","M_05_a","Mid",55.59929,-133.16,4,1.2,23.5619449019235,TRUE,0.433875049048496,2.07578,NA,6,20.3051177058654,NA,0.900629149313887,NA
"398","Shinaku Inlet a","M_05_a","Mid",55.59929,-133.16,5,0.9,17.6714586764426,TRUE,0.380878575064803,1.64535,NA,8,24.4455240778049,NA,0.626678563482873,NA
"399","Shinaku Inlet a","M_05_a","Mid",55.59929,-133.16,6,1,19.6349540849362,TRUE,0.431338416344838,1.83333,NA,10,21.6467457207258,NA,0.790785658837483,NA
"400","Shinaku Inlet a","M_05_a","Mid",55.59929,-133.16,7,1.1,21.5984494934298,TRUE,0.48036596345289,2.07301,2.9446,12,19.9805111439245,27.3755590904316,0.995803445897475,1.41448561598338
"401","Shinaku Inlet a","M_05_a","Mid",55.59929,-133.16,8,0.9,17.6714586764426,TRUE,0.51515894452651,1.81702,NA,14,19.9593348133323,NA,0.936054105383559,NA
"402","Shinaku Inlet a","M_05_a","Mid",55.59929,-133.16,9,1.1,21.5984494934298,TRUE,0.51432488259767,2.04196,NA,16,18.381761190859,NA,1.05023083726914,NA
"403","Shinaku Inlet a","M_05_a","Mid",55.59929,-133.16,10,1,19.6349540849362,TRUE,0.437160176839185,1.74473,NA,18,20.3262725982744,NA,0.762726475336632,NA
"404","Shinaku Inlet a","M_05_a","Mid",55.59929,-133.16,11,1.2,23.5619449019235,TRUE,0.562187037408727,2.18442,NA,20,16.4908932510558,NA,1.22805260825637,NA
"405","Shinaku Inlet a","M_05_a","Mid",55.59929,-133.16,12,0.9,17.6714586764426,TRUE,0.736672633445597,2.00022,2.97795,22,15.3649386084584,22.4151570555112,1.47350733487055,2.19377426876931
"406","Shinaku Inlet a","M_05_a","Mid",55.59929,-133.16,13,0.9,17.6714586764426,TRUE,1.38449747969109,2.0078,NA,24,8.20646045199703,NA,2.77979403972377,NA
"407","Shinaku Inlet a","M_05_a","Mid",55.59929,-133.16,14,1.3,25.5254403104171,TRUE,1.1240413348831,2.34785,NA,26,8.18304280165136,NA,2.63908044810528,NA
"408","Shinaku Inlet a","M_05_a","Mid",55.59929,-133.16,15,0.9,17.6714586764426,TRUE,0.871265371008946,1.94728,NA,28,12.6475251241676,NA,1.6965976316583,NA
"409","Shinaku Inlet a","M_05_a","Mid",55.59929,-133.16,16,1.2,23.5619449019235,TRUE,1.992424657447,2.13516,NA,30,4.54817724420284,NA,4.25414543159454,NA
"410","Shinaku Inlet a","M_05_a","Mid",55.59929,-133.16,17,1.1,21.5984494934298,TRUE,1.67779358472113,1.99945,4.33273000000001,32,5.51759022499748,11.9852527668351,3.35466438297068,7.26942659832881
"411","Shinaku Inlet a","M_05_a","Mid",55.59929,-133.16,18,0.9,17.6714586764426,TRUE,0.939074713856088,2.16798,NA,34,13.0641971410356,NA,2.03589519814572,NA
"412","Shinaku Inlet a","M_05_a","Mid",55.59929,-133.16,19,0.9,17.6714586764426,TRUE,0.962657939645793,1.89579,NA,36,11.1441213244868,NA,1.8249972954011,NA
"413","Shinaku Inlet a","M_05_a","Mid",55.59929,-133.16,20,1.1,21.5984494934298,TRUE,0.648029850673201,1.98628,NA,38,14.1913229364038,NA,1.28716873179517,NA
"414","Shinaku Inlet a","M_05_a","Mid",55.59929,-133.16,21,1,19.6349540849362,TRUE,0.751484823247955,1.89893,NA,40,12.8694163548593,NA,1.42701707541024,NA
"415","Shinaku Inlet a","M_05_a","Mid",55.59929,-133.16,22,1,19.6349540849362,TRUE,1.31724372199285,2.31616,5.2473,42,8.95514309067191,20.6560997356627,3.05094721913095,6.91197298241305
"416","Shinaku Inlet a","M_05_a","Mid",55.59929,-133.16,23,1.1,21.5984494934298,TRUE,1.46904248889032,2.95472,NA,44,9.31235234346832,NA,4.34060922277401,NA
"417","Shinaku Inlet a","M_05_a","Mid",55.59929,-133.16,24,1,19.6349540849362,TRUE,1.48130776747342,2.26398,NA,46,7.78390265084797,NA,3.35365115940448,NA
"418","Shinaku Inlet a","M_05_a","Mid",55.59929,-133.16,25,1.2,23.5619449019235,TRUE,1.09863299094154,2.30532,NA,48,8.90568737534252,NA,2.53270060667736,NA
"419","Shinaku Inlet a","M_05_a","Mid",55.59929,-133.16,26,1.1,21.5984494934298,TRUE,1.10829807515959,2.40665,NA,50,10.0538819393154,NA,2.66728556258284,NA
"420","Shinaku Inlet a","M_05_a","Mid",55.59929,-133.16,27,1.1,21.5984494934298,TRUE,1.26090995598015,2.11616,6.55907,52,7.77037273671958,24.1661674319143,2.66828721244695,8.27039666497069
"421","Shinaku Inlet a","M_05_a","Mid",55.59929,-133.16,28,1.1,21.5984494934298,TRUE,1.28074749108332,2.1864,NA,54,7.90393808726433,NA,2.80022631450456,NA
"422","Shinaku Inlet a","M_05_a","Mid",55.59929,-133.16,29,1,19.6349540849362,TRUE,1.458719988654,2.15419,NA,56,7.52111417189502,NA,3.14236001235856,NA
"423","Shinaku Inlet a","M_05_a","Mid",55.59929,-133.16,30,1,19.6349540849362,TRUE,1.22317729372363,2.09995,NA,58,8.74358736280049,NA,2.56861115795494,NA
"424","Shinaku Inlet a","M_05_a","Mid",55.59929,-133.16,31,1,19.6349540849362,TRUE,1.32665907377825,2.13708,NA,60,8.2041115763474,NA,2.83517657339003,NA
"425","Shinaku Inlet a","M_05_a","Mid",55.59929,-133.16,32,1,19.6349540849362,TRUE,1.12042380668859,2.37821,5.01421000000001,62,10.8103058846418,23.2612438167069,2.66460310130488,5.61804025573602
"426","Shinaku Inlet a","M_05_a","Mid",55.59929,-133.16,33,1.2,23.5619449019235,TRUE,1.0465201452019,2.46288,NA,64,9.98813774811878,NA,2.57745353521485,NA
"427","Shinaku Inlet a","M_05_a","Mid",55.59929,-133.16,34,0.9,17.6714586764426,TRUE,0.968884929845912,1.64553,NA,66,9.61083683134939,NA,1.59432921860934,NA
"428","Shinaku Inlet a","M_05_a","Mid",55.59929,-133.16,35,1.1,21.5984494934298,TRUE,1.21624980570901,2.28746,NA,68,8.70779405925819,NA,2.78212278056714,NA
"429","Tracadero Bay a","M_06_a","Mid",55.344914,-133.0011,1,1.1,21.5984494934298,TRUE,2.36149868144542,1.207,NA,0,2.54820046800752,NA,2.85032890850462,NA
"430","Tracadero Bay a","M_06_a","Mid",55.344914,-133.0011,2,1.1,21.5984494934298,TRUE,2.11091356413659,1.22943,NA,2,2.79393494112859,NA,2.59522046315644,NA
"431","Tracadero Bay a","M_06_a","Mid",55.344914,-133.0011,3,1.1,21.5984494934298,TRUE,1.22467818849896,0.59657,NA,4,2.38859406993495,NA,0.730606266912826,NA
"432","Tracadero Bay a","M_06_a","Mid",55.344914,-133.0011,4,1.3,25.5254403104171,TRUE,1.02424873702689,0.49052,NA,6,2.02072799267707,NA,0.502414490486431,NA
"433","Tracadero Bay a","M_06_a","Mid",55.344914,-133.0011,5,1.1,21.5984494934298,TRUE,1.45787687257729,0.447880000000001,NA,8,1.4974236075913,NA,0.652953893689918,NA
"434","Tracadero Bay a","M_06_a","Mid",55.344914,-133.0011,6,1.3,25.5254403104171,TRUE,1.47432167838617,0.567430000000002,NA,10,1.57694480734861,NA,0.836574349966665,NA
"435","Tracadero Bay a","M_06_a","Mid",55.344914,-133.0011,7,1.1,21.5984494934298,TRUE,1.7539573852986,0.635580000000004,NA,12,1.75335122418444,NA,1.11478023494809,NA
"436","Tracadero Bay a","M_06_a","Mid",55.344914,-133.0011,8,1.3,25.5254403104171,TRUE,1.85934579081996,0.665399999999998,NA,14,1.45645061627735,NA,1.2372086892116,NA
"437","Tracadero Bay a","M_06_a","Mid",55.344914,-133.0011,9,1.3,25.5254403104171,TRUE,1.83618301702213,0.626550000000002,NA,16,1.39430022618574,NA,1.15046046931522,NA
"438","Tracadero Bay a","M_06_a","Mid",55.344914,-133.0011,10,1.2,23.5619449019235,TRUE,1.79434168851438,0.644770000000001,NA,18,1.59230934122545,NA,1.15693769050342,NA
"439","Tracadero Bay a","M_06_a","Mid",55.344914,-133.0011,11,1.1,21.5984494934298,TRUE,1.50733458945298,0.489640000000001,NA,20,1.59763923711128,NA,0.73805130837976,NA
"440","Tracadero Bay a","M_06_a","Mid",55.344914,-133.0011,12,1.3,25.5254403104171,TRUE,1.82043754916292,0.55715,NA,22,1.26842708211913,NA,1.01425678051612,NA
"441","Tracadero Bay a","M_06_a","Mid",55.344914,-133.0011,13,1.1,21.5984494934298,TRUE,1.96544571465249,0.512610000000002,NA,24,1.26880711191374,NA,1.00750712778802,NA
"442","Tracadero Bay a","M_06_a","Mid",55.344914,-133.0011,14,1.3,25.5254403104171,TRUE,2.17795537800428,-0.105690000000003,NA,26,-0.198300235449873,NA,-0.230188103901278,NA
"443","Tracadero Bay a","M_06_a","Mid",55.344914,-133.0011,15,1.2,23.5619449019235,TRUE,2.14371352663152,0.599580000000003,NA,28,1.23964148438581,NA,1.28532775629774,NA
"444","Tracadero Bay a","M_06_a","Mid",55.344914,-133.0011,16,1.2,23.5619449019235,TRUE,2.30597899393121,0.597110000000001,NA,30,1.14132200759212,NA,1.37692311706627,NA
"445","Tracadero Bay a","M_06_a","Mid",55.344914,-133.0011,17,1.2,23.5619449019235,TRUE,1.99814744478741,0.509540000000001,NA,32,1.12596019518353,NA,1.01813604901698,NA
"446","Tracadero Bay a","M_06_a","Mid",55.344914,-133.0011,18,1.2,23.5619449019235,TRUE,1.78828573682643,0.529800000000002,NA,34,1.31799929796263,NA,0.947433783370647,NA
"447","Tracadero Bay a","M_06_a","Mid",55.344914,-133.0011,19,1.2,23.5619449019235,TRUE,1.81744928859859,0.547759999999997,NA,36,1.34598755595482,NA,0.995526022322759,NA
"448","Tracadero Bay a","M_06_a","Mid",55.344914,-133.0011,20,1.2,23.5619449019235,TRUE,2.05065669243865,0.514279999999999,NA,38,1.10908201617084,NA,1.05461172378735,NA
"449","Tracadero Bay a","M_06_a","Mid",55.344914,-133.0011,21,1,19.6349540849362,TRUE,2.5118403530079,0.502079999999999,NA,40,1.05864686005189,NA,1.2611448044382,NA
"450","Tracadero Bay a","M_06_a","Mid",55.344914,-133.0011,22,1.2,23.5619449019235,TRUE,2.17200193842327,0.413930000000001,NA,42,0.843071368079995,NA,0.899056762371545,NA
"451","Tracadero Bay a","M_06_a","Mid",55.344914,-133.0011,23,1.2,23.5619449019235,TRUE,1.80194802155462,0.460050000000003,NA,44,1.13390840889026,NA,0.828986187316209,NA
"452","Tracadero Bay a","M_06_a","Mid",55.344914,-133.0011,24,1,19.6349540849362,TRUE,2.33010781701294,0.447939999999996,NA,46,1.01919227749223,NA,1.04374849555277,NA
"453","Tracadero Bay a","M_06_a","Mid",55.344914,-133.0011,25,1.2,23.5619449019235,TRUE,1.93644201231772,3.31407,NA,48,7.52584883718554,NA,6.4175043797618,NA
"454","Tracadero Bay a","M_06_a","Mid",55.344914,-133.0011,26,1.1,21.5984494934298,TRUE,1.92852084186278,0.454710000000006,NA,50,1.1456618993533,NA,0.876917712003435,NA
"455","Tracadero Bay a","M_06_a","Mid",55.344914,-133.0011,27,1.2,23.5619449019235,TRUE,1.54691644309144,0.36609,NA,52,1.06478403286407,NA,0.566310640651346,NA
"456","Tracadero Bay a","M_06_a","Mid",55.344914,-133.0011,28,1.2,23.5619449019235,TRUE,2.04313524203472,0.617190000000001,NA,54,1.32467202997259,NA,1.26100264003141,NA
"457","Tracadero Bay a","M_06_a","Mid",55.344914,-133.0011,29,1,19.6349540849362,TRUE,2.05237556582404,0.466830000000002,NA,56,1.20456715262547,NA,0.95811048539364,NA
"458","Tracadero Bay a","M_06_a","Mid",55.344914,-133.0011,30,1.1,21.5984494934298,TRUE,2.01469323125426,0.587299999999999,NA,58,1.39898219459883,NA,1.18322933471562,NA
"459","Tracadero Bay a","M_06_a","Mid",55.344914,-133.0011,31,1.1,21.5984494934298,TRUE,1.52513540428078,0.86486,NA,60,2.74810596251231,NA,1.31902860574627,NA
"460","Tracadero Bay a","M_06_a","Mid",55.344914,-133.0011,32,1.1,21.5984494934298,TRUE,1.48671597976364,0.836510000000001,NA,62,2.73302205896527,NA,1.24365278423208,NA
"461","Tracadero Bay a","M_06_a","Mid",55.344914,-133.0011,33,1.1,21.5984494934298,TRUE,1.7416463163915,0.668259999999997,NA,64,1.85512553869318,NA,1.16387256739178,NA
"462","Tracadero Bay a","M_06_a","Mid",55.344914,-133.0011,34,1.2,23.5619449019235,TRUE,1.76575958280098,0.636959999999995,NA,66,1.60012862124058,NA,1.1247182238609,NA
"463","Tracadero Bay a","M_06_a","Mid",55.344914,-133.0011,35,1.2,23.5619449019235,TRUE,1.82593330809834,0.595509999999997,NA,68,1.43720589662041,NA,1.08736154430564,NA
"464","Tracadero Bay a","M_06_a","Mid",55.344914,-133.0011,36,1.2,23.5619449019235,TRUE,1.90718975819062,0.615599999999993,NA,70,1.42374269019371,NA,1.17406601514213,NA
"465","Garcia Cove a","M_07_a","Mid",55.552669,-133.431392,1,1.1,21.5984494934298,TRUE,0.313275265525809,0.54886,NA,0,9.47979114959265,NA,0.171944262236496,NA
"466","Garcia Cove a","M_07_a","Mid",55.552669,-133.431392,2,1.1,21.5984494934298,TRUE,1.18863856443999,1.27646,NA,2,5.24163826758119,NA,1.51724958196507,NA
"467","Garcia Cove a","M_07_a","Mid",55.552669,-133.431392,3,1.1,21.5984494934298,TRUE,2.93711175977226,1.34654,NA,4,2.16410865318815,NA,3.95493846900375,NA
"468","Garcia Cove a","M_07_a","Mid",55.552669,-133.431392,4,1.1,21.5984494934298,TRUE,1.36545773848124,1.82424,NA,6,6.44679075812978,NA,2.49092262484702,NA
"469","Garcia Cove a","M_07_a","Mid",55.552669,-133.431392,5,1.1,21.5984494934298,TRUE,1.42398045791925,1.69835,NA,8,5.78294783752789,NA,2.41841721070716,NA
"470","Garcia Cove a","M_07_a","Mid",55.552669,-133.431392,6,1.1,21.5984494934298,TRUE,1.26203503674149,1.02377,NA,10,3.91358214883288,NA,1.29203360956484,NA
"471","Garcia Cove a","M_07_a","Mid",55.552669,-133.431392,7,1.1,21.5984494934298,TRUE,1.38705419614094,0.821769999999997,1.4112,12,2.83526860648257,5.18497562194356,1.13983952676274,1.9574108815941
"472","Garcia Cove a","M_07_a","Mid",55.552669,-133.431392,8,1.1,21.5984494934298,TRUE,2.37751557192199,1.11582,NA,14,2.24465270063613,NA,2.65287942546199,NA
"473","Garcia Cove a","M_07_a","Mid",55.552669,-133.431392,9,1.1,21.5984494934298,TRUE,1.80191036453051,0.621540000000003,NA,16,1.65213071274154,NA,1.1199593679703,NA
"474","Garcia Cove a","M_07_a","Mid",55.552669,-133.431392,10,1.1,21.5984494934298,TRUE,1.75860262615399,1.08135,NA,18,2.92356157850426,NA,1.90166494979162,NA
"475","Garcia Cove a","M_07_a","Mid",55.552669,-133.431392,11,1.1,21.5984494934298,TRUE,1.92524051379934,0.727610000000006,NA,20,1.80600685111546,NA,1.40082425024555,NA
"476","Garcia Cove a","M_07_a","Mid",55.552669,-133.431392,12,1.1,21.5984494934298,TRUE,1.75360550818805,0.592930000000003,0.986900000000006,22,1.59494227940663,2.7558417478331,1.03976531396995,1.7306332760308
"477","Garcia Cove a","M_07_a","Mid",55.552669,-133.431392,13,1.1,21.5984494934298,TRUE,1.97936013939356,0.752000000000002,NA,24,1.80646773100927,NA,1.48847882482396,NA
"478","Garcia Cove a","M_07_a","Mid",55.552669,-133.431392,14,1.1,21.5984494934298,TRUE,1.59711047825416,0.69415,NA,26,2.07471608086536,NA,1.10863423848012,NA
"479","Garcia Cove a","M_07_a","Mid",55.552669,-133.431392,15,1.1,21.5984494934298,TRUE,1.90685215679618,0.62256,NA,28,1.55421438601966,NA,1.18712987873503,NA
"480","Garcia Cove a","M_07_a","Mid",55.552669,-133.431392,16,1.1,21.5984494934298,TRUE,2.11029129724636,0.623989999999999,NA,30,1.39037528479197,NA,1.31680066656875,NA
"481","Garcia Cove a","M_07_a","Mid",55.552669,-133.431392,17,1.1,21.5984494934298,TRUE,2.0929419037117,1.12925,1.2261,32,2.55940111033925,3.12262829491915,2.36345464476643,2.56615606814092
"482","Garcia Cove a","M_07_a","Mid",55.552669,-133.431392,18,1.1,21.5984494934298,TRUE,2.1502580550575,0.520449999999997,NA,34,1.14842850980119,NA,1.11910180475467,NA
"483","Garcia Cove a","M_07_a","Mid",55.552669,-133.431392,19,1.1,21.5984494934298,TRUE,2.02881693027686,0.791499999999999,NA,36,1.84082096661358,NA,1.60580860031413,NA
"484","Garcia Cove a","M_07_a","Mid",55.552669,-133.431392,20,1.1,21.5984494934298,TRUE,2.66149290102914,0.832090000000001,NA,38,1.46764501436532,NA,2.21460162801734,NA
"485","Garcia Cove a","M_07_a","Mid",55.552669,-133.431392,21,1.1,21.5984494934298,TRUE,1.59412924573469,0.496099999999998,NA,40,1.47965526209672,NA,0.790847518808975,NA
"486","Garcia Cove a","M_07_a","Mid",55.552669,-133.431392,22,1.1,21.5984494934298,TRUE,1.69495685378416,0.521329999999999,1.52030000000001,42,1.4456042627482,2.72642333357843,0.883631856583297,2.57684290480808
"487","Garcia Cove a","M_07_a","Mid",55.552669,-133.431392,23,1.1,21.5984494934298,TRUE,1.89476610404135,0.748502999999999,NA,44,1.85601391848643,NA,1.41823811317326,NA
"488","Garcia Cove a","M_07_a","Mid",55.552669,-133.431392,24,1.1,21.5984494934298,TRUE,2.72552805320156,1.48618999999999,NA,46,2.56386193143149,NA,4.05065253738761,NA
"489","Garcia Cove a","M_07_a","Mid",55.552669,-133.431392,25,1.1,21.5984494934298,TRUE,1.664816264285,-0.461869999999998,NA,48,-1.31993705957563,NA,-0.768928687985307,NA
"490","Garcia Cove a","M_07_a","Mid",55.552669,-133.431392,26,1.1,21.5984494934298,TRUE,1.89363130035985,0.584670000000003,NA,50,1.47532209823924,NA,1.1071494123814,NA
"491","Garcia Cove a","M_07_a","Mid",55.552669,-133.431392,27,1.1,21.5984494934298,TRUE,1.59761375512148,-10.70105,1.00739999999999,52,-32.0762572659083,2.84919945810339,-17.0961446742427,1.60943609690936
"492","Garcia Cove a","M_07_a","Mid",55.552669,-133.431392,28,1.1,21.5984494934298,TRUE,2.1714424461009,12.93301,NA,54,28.2755182911832,NA,28.0832868698474,NA
"493","Garcia Cove a","M_07_a","Mid",55.552669,-133.431392,29,1.1,21.5984494934298,TRUE,1.77841978942445,0.507840000000002,NA,56,1.36160172666886,NA,0.903152705861313,NA
"494","Garcia Cove a","M_07_a","Mid",55.552669,-133.431392,30,1,19.6349540849362,TRUE,1.5253715323418,0.352509999999995,NA,58,1.20039937260904,NA,0.5377087188658,NA
"495","Garcia Cove a","M_07_a","Mid",55.552669,-133.431392,31,1,19.6349540849362,TRUE,1.78986158296963,0.547260000000001,NA,60,1.58941297494916,NA,0.979519649895964,NA
"496","Garcia Cove a","M_07_a","Mid",55.552669,-133.431392,32,1,19.6349540849362,TRUE,2.02074065609555,0.787550000000003,0.7562,62,2.01734473323303,2.6139046453669,1.59143430370806,1.52808408413945
"497","Garcia Cove a","M_07_a","Mid",55.552669,-133.431392,33,1,19.6349540849362,TRUE,2.66413559072858,1.22748,NA,64,2.37592531943409,NA,3.27017315490751,NA
"498","Port Refugio a","M_08_a","Mid",55.282137,-133.334028,1,1.1,21.5984494934298,TRUE,0.925569217645977,2.26548,NA,0,11.3325789885978,NA,2.09685855119261,NA
"499","Port Refugio a","M_08_a","Mid",55.282137,-133.334028,2,1.1,21.5984494934298,TRUE,0.855140550974199,1.88326,1.65208000000001,2,10.1964784503926,8.78888440835906,1.61045199402767,1.41276060145346
"500","Port Refugio a","M_08_a","Mid",55.282137,-133.334028,3,1,19.6349540849362,TRUE,0.65980037151903,1.66874,NA,4,12.8809006456892,NA,1.10103527196867,NA
"501","Port Refugio a","M_08_a","Mid",55.282137,-133.334028,4,1,19.6349540849362,TRUE,0.655668454548455,1.93372,NA,6,15.0203277608703,NA,1.26787920392944,NA
"502","Port Refugio a","M_08_a","Mid",55.282137,-133.334028,5,0.9,17.6714586764426,TRUE,0.687812490329566,1.87338,NA,8,15.4128666806531,NA,1.2885341631336,NA
"503","Port Refugio a","M_08_a","Mid",55.282137,-133.334028,6,0.9,17.6714586764426,TRUE,0.732842163010791,2.01687,NA,10,15.5738166958679,NA,1.47804737331158,NA
"504","Port Refugio a","M_08_a","Mid",55.282137,-133.334028,7,0.9,17.6714586764426,TRUE,0.97145517607355,2.27117,6.65832,12,13.2298364947227,39.0482490710506,2.20633985224296,6.46825942795404
"505","Port Refugio a","M_08_a","Mid",55.282137,-133.334028,8,0.9,17.6714586764426,TRUE,0.872108538529681,2.17539,NA,14,14.1154325069121,NA,1.89717619363208,NA
"506","Port Refugio a","M_08_a","Mid",55.282137,-133.334028,9,0.9,17.6714586764426,TRUE,0.841902203570384,1.98773,NA,16,13.3605195447665,NA,1.67347426710296,NA
"507","Port Refugio a","M_08_a","Mid",55.282137,-133.334028,10,0.8,15.707963267949,TRUE,0.936192665411049,2.16438,NA,18,14.7179865194945,NA,2.02627668116237,NA
"508","Port Refugio a","M_08_a","Mid",55.282137,-133.334028,11,0.8,15.707963267949,TRUE,1.32892849594279,1.84861,NA,20,8.85571858071662,NA,2.4566705068848,NA
"509","Port Refugio a","M_08_a","Mid",55.282137,-133.334028,12,0.9,17.6714586764426,TRUE,1.20363465118782,1.81426,3.33541,22,8.52967421690101,15.5706320292645,2.18370620226402,4.01461505191837
"510","Port Refugio a","M_08_a","Mid",55.282137,-133.334028,13,1,19.6349540849362,TRUE,1.22048872110097,2.11714,NA,24,8.83458019115148,NA,2.5839454909917,NA
"511","Port Refugio a","M_08_a","Mid",55.282137,-133.334028,14,1,19.6349540849362,TRUE,1.05198463467999,2.14542,NA,26,10.3865911877949,NA,2.25694887493514,NA
"512","Port Refugio a","M_08_a","Mid",55.282137,-133.334028,15,0.9,17.6714586764426,TRUE,1.23305950000877,2.08944,NA,28,9.58900337586668,NA,2.57640384169833,NA
"513","Port Refugio a","M_08_a","Mid",55.282137,-133.334028,16,0.9,17.6714586764426,TRUE,1.21746599383334,2.50899,NA,30,11.6619101624958,NA,3.05461000386792,NA
"514","Port Refugio a","M_08_a","Mid",55.282137,-133.334028,17,1,19.6349540849362,TRUE,1.30344791687773,2.35969,7.22998,32,9.22000973698421,28.475026190795,3.07573301497721,9.42390237006765
"515","Port Refugio a","M_08_a","Mid",55.282137,-133.334028,18,0.9,17.6714586764426,TRUE,1.30089996648923,2.52127,NA,34,10.9673841174833,NA,3.2799200585103,NA
"516","Port Refugio a","M_08_a","Mid",55.282137,-133.334028,19,0.9,17.6714586764426,TRUE,1.42470581862958,2.52834,NA,36,10.0424083763395,NA,3.60214070947392,NA
"517","Port Refugio a","M_08_a","Mid",55.282137,-133.334028,20,0.9,17.6714586764426,TRUE,1.47126564230146,2.46055,NA,38,9.46386860317215,NA,3.62012267616486,NA
"518","Port Refugio a","M_08_a","Mid",55.282137,-133.334028,21,0.6,11.7809724509617,TRUE,1.26291696733281,1.41563,NA,40,9.5146719503925,NA,1.78782314646535,NA
"519","Port Refugio a","M_08_a","Mid",55.282137,-133.334028,22,1,19.6349540849362,TRUE,1.65957556401925,2.28691000000001,19.46793,42,7.01814201264422,59.8524098459843,3.79529995311126,32.3085009100372
"520","Port Refugio a","M_08_a","Mid",55.282137,-133.334028,23,1,19.6349540849362,TRUE,1.45477651113605,2.435,NA,44,8.5245761605239,NA,3.54238080461628,NA
"521","Port Refugio a","M_08_a","Mid",55.282137,-133.334028,24,1,19.6349540849362,TRUE,1.00042607255548,2.68939,NA,46,13.6911173874885,NA,2.69053587526999,NA
